#
# There is insufficient memory for the Java Runtime Environment to continue.
# Native memory allocation (malloc) failed to allocate 2781344 bytes for Chunk::new
# Possible reasons:
#   The system is out of physical RAM or swap space
#   The process is running with CompressedOops enabled, and the Java Heap may be blocking the growth of the native heap
# Possible solutions:
#   Reduce memory load on the system
#   Increase physical memory or swap space
#   Check if swap backing store is full
#   Decrease Java heap size (-Xmx/-Xms)
#   Decrease number of Java threads
#   Decrease Java thread stack sizes (-Xss)
#   Set larger code cache with -XX:ReservedCodeCacheSize=
#   JVM is running with Unscaled Compressed Oops mode in which the Java heap is
#     placed in the first 4GB address space. The Java Heap base address is the
#     maximum limit for the native heap growth. Please use -XX:HeapBaseMinAddress
#     to set the Java Heap base and to place the Java Heap above 4GB virtual address.
# This output file may be truncated or incomplete.
#
#  Out of Memory Error (arena.cpp:189), pid=9080, tid=15968
#
# JRE version: Java(TM) SE Runtime Environment (17.0.12+8) (build 17.0.12+8-LTS-286)
# Java VM: Java HotSpot(TM) 64-Bit Server VM (17.0.12+8-LTS-286, mixed mode, sharing, tiered, compressed oops, compressed class ptrs, g1 gc, windows-amd64)
# No core dump will be written. Minidumps are not enabled by default on client versions of Windows
#

---------------  S U M M A R Y ------------

Command Line: -XX:MaxMetaspaceSize=384m -XX:ReservedCodeCacheSize=128m -XX:+HeapDumpOnOutOfMemoryError --add-opens=java.base/java.util=ALL-UNNAMED --add-opens=java.base/java.lang=ALL-UNNAMED --add-opens=java.base/java.lang.invoke=ALL-UNNAMED --add-opens=java.prefs/java.util.prefs=ALL-UNNAMED --add-exports=jdk.compiler/com.sun.tools.javac.api=ALL-UNNAMED --add-exports=jdk.compiler/com.sun.tools.javac.util=ALL-UNNAMED --add-opens=java.base/java.nio.charset=ALL-UNNAMED --add-opens=java.base/java.net=ALL-UNNAMED --add-opens=java.base/java.util.concurrent.atomic=ALL-UNNAMED -Xmx1536m -Dfile.encoding=windows-1252 -Duser.country=IN -Duser.language=en -Duser.variant -javaagent:C:\Users\PC\.gradle\wrapper\dists\gradle-8.10.2-all\7iv73wktx1xtkvlq19urqw1wm\gradle-8.10.2\lib\agents\gradle-instrumentation-agent-8.10.2.jar org.gradle.launcher.daemon.bootstrap.GradleDaemon 8.10.2

Host: Intel(R) Core(TM) i7-6700 CPU @ 3.40GHz, 8 cores, 7G,  Windows 10 , 64 bit Build 19041 (10.0.19041.5915)
Time: Fri Jul 31 16:38:59 2026 India Standard Time elapsed time: 120.092420 seconds (0d 0h 2m 0s)

---------------  T H R E A D  ---------------

Current thread (0x00000225cdf98670):  JavaThread "C2 CompilerThread1" daemon [_thread_in_native, id=15968, stack(0x000000544b900000,0x000000544ba00000)]


Current CompileTask:
C2: 120092 25807 %     4       com.android.tools.r8.internal.Vz::a @ 205 (3948 bytes)

Stack: [0x000000544b900000,0x000000544ba00000]
Native frames: (J=compiled Java code, j=interpreted, Vv=VM code, C=native code)
V  [jvm.dll+0x67a04a]
V  [jvm.dll+0x7da4ed]
V  [jvm.dll+0x7dbe33]
V  [jvm.dll+0x7dc4a3]
V  [jvm.dll+0x24508f]
V  [jvm.dll+0xab773]
V  [jvm.dll+0xabd3c]
V  [jvm.dll+0x361bee]
V  [jvm.dll+0x32c431]
V  [jvm.dll+0x32b8ca]
V  [jvm.dll+0x21683f]
V  [jvm.dll+0x215c6f]
V  [jvm.dll+0x1a2960]
V  [jvm.dll+0x22610b]
V  [jvm.dll+0x2242ab]
V  [jvm.dll+0x79075c]
V  [jvm.dll+0x78abea]
V  [jvm.dll+0x678f35]
C  [ucrtbase.dll+0x21bb2]
C  [KERNEL32.DLL+0x17374]
C  [ntdll.dll+0x4cc91]


---------------  P R O C E S S  ---------------

Threads class SMR info:
_java_thread_list=0x00000225f1251b90, length=152, elements={
0x00000225b54bdc00, 0x00000225cd23a620, 0x00000225cd23ef10, 0x00000225cd253730,
0x00000225cd254000, 0x00000225cd2548d0, 0x00000225cd2551a0, 0x00000225cd255e50,
0x00000225cd26b810, 0x00000225cd27c8e0, 0x00000225cd226910, 0x00000225cd5379f0,
0x00000225e71b48b0, 0x00000225e7d33810, 0x00000225e798c100, 0x00000225e7c586f0,
0x00000225e7c5aa60, 0x00000225e7c5a550, 0x00000225e7c581e0, 0x00000225e7c59b30,
0x00000225e7c5a040, 0x00000225e7c5af70, 0x00000225e7c5b480, 0x00000225e7c57cd0,
0x00000225e7c58c00, 0x00000225e7c59110, 0x00000225e7c59620, 0x00000225ea3469e0,
0x00000225ea342810, 0x00000225ea345090, 0x00000225ea3455a0, 0x00000225ea341df0,
0x00000225ea345ab0, 0x00000225ea343c50, 0x00000225ea342300, 0x00000225ea344160,
0x00000225ea342d20, 0x00000225ea343230, 0x00000225ea344670, 0x00000225ea343740,
0x00000225ea345fc0, 0x00000225ea344b80, 0x00000225ea3464d0, 0x00000225ea3404a0,
0x00000225ea346ef0, 0x00000225ea347910, 0x00000225ea347e20, 0x00000225ea3409b0,
0x00000225ea340ec0, 0x00000225ea3413d0, 0x00000225ea3418e0, 0x00000225e80c6e20,
0x00000225e80c3670, 0x00000225e80c7330, 0x00000225e80ca5d0, 0x00000225e80c7840,
0x00000225e80c4090, 0x00000225e80c3b80, 0x00000225e80c54d0, 0x00000225e80c8c80,
0x00000225e80c8260, 0x00000225e80c6910, 0x00000225e80c5ef0, 0x00000225e80c96a0,
0x00000225e80c8770, 0x00000225e80c4fc0, 0x00000225e80c3160, 0x00000225e80c9190,
0x00000225e80c9bb0, 0x00000225e80c45a0, 0x00000225e80ca0c0, 0x00000225e80c4ab0,
0x00000225e80c59e0, 0x00000225e80caae0, 0x00000225cd813880, 0x00000225cd815bf0,
0x00000225cd810af0, 0x00000225cd8147b0, 0x00000225cd811f30, 0x00000225cd812e60,
0x00000225cd812440, 0x00000225cd813370, 0x00000225cd812950, 0x00000225cd814cc0,
0x00000225cd8156e0, 0x00000225cd813d90, 0x00000225cd817030, 0x00000225cd8151d0,
0x00000225cd816100, 0x00000225cd816610, 0x00000225cd817540, 0x00000225cd8100d0,
0x00000225cd816b20, 0x00000225cd817a50, 0x00000225cd8105e0, 0x00000225cd8142a0,
0x00000225cd811510, 0x00000225cd811a20, 0x00000225e824f970, 0x00000225e824f460,
0x00000225e8252c10, 0x00000225e8254f80, 0x00000225e824e530, 0x00000225e824fe80,
0x00000225e8250390, 0x00000225e8254a70, 0x00000225e824ef50, 0x00000225e8253120,
0x00000225e8255490, 0x00000225e82508a0, 0x00000225e824ea40, 0x00000225e82517d0,
0x00000225e8252700, 0x00000225ea347400, 0x00000225ec1b7210, 0x00000225ec1b9580,
0x00000225ec1b7720, 0x00000225ec1baed0, 0x00000225ec1b4990, 0x00000225ec1b8b60,
0x00000225ec1bb3e0, 0x00000225ec1b9a90, 0x00000225ec1b62e0, 0x00000225ec1b8140,
0x00000225ec1b9fa0, 0x00000225ec1ba9c0, 0x00000225ec1b6d00, 0x00000225ec1b7c30,
0x00000225ec1b53b0, 0x00000225ec1b3f70, 0x00000225ec1bb8f0, 0x00000225ec1b67f0,
0x00000225ec1b58c0, 0x00000225ec1b4ea0, 0x00000225f183cd70, 0x00000225f1843cd0,
0x00000225f18441e0, 0x00000225f1840f40, 0x00000225f18432b0, 0x00000225f1841e70,
0x00000225f183e1b0, 0x00000225f18446f0, 0x00000225f183f0e0, 0x00000225f183d790,
0x00000225f1842380, 0x00000225f1842890, 0x00000225f1840a30, 0x00000225f183ebd0,
0x00000225f183f5f0, 0x00000225cdf98670, 0x00000225f283ec50, 0x00000225f283f160
}

Java Threads: ( => current thread )
  0x00000225b54bdc00 JavaThread "main" [_thread_blocked, id=13572, stack(0x0000005441300000,0x0000005441400000)]
  0x00000225cd23a620 JavaThread "Reference Handler" daemon [_thread_blocked, id=4068, stack(0x0000005441a00000,0x0000005441b00000)]
  0x00000225cd23ef10 JavaThread "Finalizer" daemon [_thread_blocked, id=16424, stack(0x0000005441b00000,0x0000005441c00000)]
  0x00000225cd253730 JavaThread "Signal Dispatcher" daemon [_thread_blocked, id=16616, stack(0x0000005441c00000,0x0000005441d00000)]
  0x00000225cd254000 JavaThread "Attach Listener" daemon [_thread_blocked, id=3884, stack(0x0000005441d00000,0x0000005441e00000)]
  0x00000225cd2548d0 JavaThread "Service Thread" daemon [_thread_blocked, id=1832, stack(0x0000005441e00000,0x0000005441f00000)]
  0x00000225cd2551a0 JavaThread "Monitor Deflation Thread" daemon [_thread_blocked, id=8896, stack(0x0000005441f00000,0x0000005442000000)]
  0x00000225cd255e50 JavaThread "C2 CompilerThread0" daemon [_thread_in_native, id=17384, stack(0x0000005442000000,0x0000005442100000)]
  0x00000225cd26b810 JavaThread "C1 CompilerThread0" daemon [_thread_blocked, id=9824, stack(0x0000005442100000,0x0000005442200000)]
  0x00000225cd27c8e0 JavaThread "Sweeper thread" daemon [_thread_blocked, id=11824, stack(0x0000005442200000,0x0000005442300000)]
  0x00000225cd226910 JavaThread "Common-Cleaner" daemon [_thread_blocked, id=15644, stack(0x0000005442300000,0x0000005442400000)]
  0x00000225cd5379f0 JavaThread "Notification Thread" daemon [_thread_blocked, id=15660, stack(0x0000005442400000,0x0000005442500000)]
  0x00000225e71b48b0 JavaThread "Daemon health stats" [_thread_blocked, id=11504, stack(0x0000005442a00000,0x0000005442b00000)]
  0x00000225e7d33810 JavaThread "Incoming local TCP Connector on port 56883" [_thread_in_native, id=12804, stack(0x0000005442b00000,0x0000005442c00000)]
  0x00000225e798c100 JavaThread "Daemon periodic checks" [_thread_blocked, id=7428, stack(0x0000005442c00000,0x0000005442d00000)]
  0x00000225e7c586f0 JavaThread "Daemon" [_thread_blocked, id=4788, stack(0x0000005442d00000,0x0000005442e00000)]
  0x00000225e7c5aa60 JavaThread "Handler for socket connection from /127.0.0.1:56883 to /127.0.0.1:56884" [_thread_in_native, id=8516, stack(0x0000005442e00000,0x0000005442f00000)]
  0x00000225e7c5a550 JavaThread "Cancel handler" [_thread_blocked, id=13364, stack(0x0000005442f00000,0x0000005443000000)]
  0x00000225e7c581e0 JavaThread "Daemon worker" [_thread_blocked, id=12264, stack(0x0000005443000000,0x0000005443100000)]
  0x00000225e7c59b30 JavaThread "Asynchronous log dispatcher for DefaultDaemonConnection: socket connection from /127.0.0.1:56883 to /127.0.0.1:56884" [_thread_blocked, id=16844, stack(0x0000005443100000,0x0000005443200000)]
  0x00000225e7c5a040 JavaThread "Stdin handler" [_thread_blocked, id=10700, stack(0x0000005443200000,0x0000005443300000)]
  0x00000225e7c5af70 JavaThread "Daemon client event forwarder" [_thread_blocked, id=7772, stack(0x0000005443300000,0x0000005443400000)]
  0x00000225e7c5b480 JavaThread "Cache worker for journal cache (C:\Users\PC\.gradle\caches\journal-1)" [_thread_blocked, id=2928, stack(0x0000005443400000,0x0000005443500000)]
  0x00000225e7c57cd0 JavaThread "File lock request listener" [_thread_in_native, id=7584, stack(0x0000005443500000,0x0000005443600000)]
  0x00000225e7c58c00 JavaThread "Cache worker for file hash cache (C:\Users\PC\.gradle\caches\8.10.2\fileHashes)" [_thread_blocked, id=11276, stack(0x0000005443600000,0x0000005443700000)]
  0x00000225e7c59110 JavaThread "Cache worker for file hash cache (D:\bass_training_app\android\.gradle\8.10.2\fileHashes)" [_thread_blocked, id=12032, stack(0x0000005443a00000,0x0000005443b00000)]
  0x00000225e7c59620 JavaThread "Cache worker for Build Output Cleanup Cache (D:\bass_training_app\android\.gradle\buildOutputCleanup)" [_thread_blocked, id=16588, stack(0x0000005443b00000,0x0000005443c00000)]
  0x00000225ea3469e0 JavaThread "File watcher server" daemon [_thread_in_native, id=3128, stack(0x0000005443d00000,0x0000005443e00000)]
  0x00000225ea342810 JavaThread "File watcher consumer" daemon [_thread_blocked, id=11036, stack(0x0000005443e00000,0x0000005443f00000)]
  0x00000225ea345090 JavaThread "Cache worker for checksums cache (D:\bass_training_app\android\.gradle\8.10.2\checksums)" [_thread_blocked, id=3996, stack(0x0000005443f00000,0x0000005444000000)]
  0x00000225ea3455a0 JavaThread "Cache worker for file content cache (C:\Users\PC\.gradle\caches\8.10.2\fileContent)" [_thread_blocked, id=17232, stack(0x0000005444000000,0x0000005444100000)]
  0x00000225ea341df0 JavaThread "Cache worker for cache directory md-rule (C:\Users\PC\.gradle\caches\8.10.2\md-rule)" [_thread_blocked, id=2448, stack(0x0000005444100000,0x0000005444200000)]
  0x00000225ea345ab0 JavaThread "Cache worker for cache directory md-supplier (C:\Users\PC\.gradle\caches\8.10.2\md-supplier)" [_thread_blocked, id=15668, stack(0x0000005444200000,0x0000005444300000)]
  0x00000225ea343c50 JavaThread "Cache worker for Build Output Cleanup Cache (D:\flutter\packages\flutter_tools\gradle\.gradle\buildOutputCleanup)" [_thread_blocked, id=7904, stack(0x0000005444300000,0x0000005444400000)]
  0x00000225ea342300 JavaThread "Unconstrained build operations" [_thread_blocked, id=17376, stack(0x0000005444400000,0x0000005444500000)]
  0x00000225ea344160 JavaThread "Unconstrained build operations Thread 2" [_thread_blocked, id=16164, stack(0x0000005444500000,0x0000005444600000)]
  0x00000225ea342d20 JavaThread "Unconstrained build operations Thread 3" [_thread_blocked, id=16624, stack(0x0000005444600000,0x0000005444700000)]
  0x00000225ea343230 JavaThread "Unconstrained build operations Thread 4" [_thread_blocked, id=8048, stack(0x0000005444700000,0x0000005444800000)]
  0x00000225ea344670 JavaThread "Unconstrained build operations Thread 5" [_thread_blocked, id=11692, stack(0x0000005444800000,0x0000005444900000)]
  0x00000225ea343740 JavaThread "Unconstrained build operations Thread 6" [_thread_blocked, id=13116, stack(0x0000005444900000,0x0000005444a00000)]
  0x00000225ea345fc0 JavaThread "Unconstrained build operations Thread 7" [_thread_blocked, id=15516, stack(0x0000005444a00000,0x0000005444b00000)]
  0x00000225ea344b80 JavaThread "Unconstrained build operations Thread 8" [_thread_blocked, id=8164, stack(0x0000005444b00000,0x0000005444c00000)]
  0x00000225ea3464d0 JavaThread "Unconstrained build operations Thread 9" [_thread_blocked, id=5848, stack(0x0000005444c00000,0x0000005444d00000)]
  0x00000225ea3404a0 JavaThread "Unconstrained build operations Thread 10" [_thread_blocked, id=12368, stack(0x0000005444d00000,0x0000005444e00000)]
  0x00000225ea346ef0 JavaThread "Unconstrained build operations Thread 11" [_thread_blocked, id=2488, stack(0x0000005444e00000,0x0000005444f00000)]
  0x00000225ea347910 JavaThread "Unconstrained build operations Thread 12" [_thread_blocked, id=9484, stack(0x0000005444f00000,0x0000005445000000)]
  0x00000225ea347e20 JavaThread "Unconstrained build operations Thread 13" [_thread_blocked, id=4232, stack(0x0000005445000000,0x0000005445100000)]
  0x00000225ea3409b0 JavaThread "Unconstrained build operations Thread 14" [_thread_blocked, id=5132, stack(0x0000005445100000,0x0000005445200000)]
  0x00000225ea340ec0 JavaThread "Unconstrained build operations Thread 15" [_thread_blocked, id=11432, stack(0x0000005445200000,0x0000005445300000)]
  0x00000225ea3413d0 JavaThread "Unconstrained build operations Thread 16" [_thread_blocked, id=10544, stack(0x0000005445300000,0x0000005445400000)]
  0x00000225ea3418e0 JavaThread "Unconstrained build operations Thread 17" [_thread_blocked, id=12048, stack(0x0000005445400000,0x0000005445500000)]
  0x00000225e80c6e20 JavaThread "Unconstrained build operations Thread 18" [_thread_blocked, id=1152, stack(0x0000005445500000,0x0000005445600000)]
  0x00000225e80c3670 JavaThread "Unconstrained build operations Thread 19" [_thread_blocked, id=2980, stack(0x0000005445600000,0x0000005445700000)]
  0x00000225e80c7330 JavaThread "Unconstrained build operations Thread 20" [_thread_blocked, id=11832, stack(0x0000005445700000,0x0000005445800000)]
  0x00000225e80ca5d0 JavaThread "Unconstrained build operations Thread 21" [_thread_blocked, id=5452, stack(0x0000005445800000,0x0000005445900000)]
  0x00000225e80c7840 JavaThread "Memory manager" [_thread_blocked, id=6880, stack(0x0000005445900000,0x0000005445a00000)]
  0x00000225e80c4090 JavaThread "build event listener" [_thread_blocked, id=7800, stack(0x0000005445a00000,0x0000005445b00000)]
  0x00000225e80c3b80 JavaThread "included builds" [_thread_blocked, id=3664, stack(0x0000005445b00000,0x0000005445c00000)]
  0x00000225e80c54d0 JavaThread "Execution worker" [_thread_in_vm, id=8, stack(0x0000005445c00000,0x0000005445d00000)]
  0x00000225e80c8c80 JavaThread "Execution worker Thread 2" [_thread_blocked, id=7272, stack(0x0000005445d00000,0x0000005445e00000)]
  0x00000225e80c8260 JavaThread "Execution worker Thread 3" [_thread_blocked, id=11456, stack(0x0000005445e00000,0x0000005445f00000)]
  0x00000225e80c6910 JavaThread "Execution worker Thread 4" [_thread_blocked, id=9616, stack(0x0000005445f00000,0x0000005446000000)]
  0x00000225e80c5ef0 JavaThread "Execution worker Thread 5" [_thread_blocked, id=13524, stack(0x0000005446000000,0x0000005446100000)]
  0x00000225e80c96a0 JavaThread "Execution worker Thread 6" [_thread_blocked, id=9768, stack(0x0000005446100000,0x0000005446200000)]
  0x00000225e80c8770 JavaThread "Execution worker Thread 7" [_thread_blocked, id=9104, stack(0x0000005446200000,0x0000005446300000)]
  0x00000225e80c4fc0 JavaThread "Cache worker for execution history cache (D:\flutter\packages\flutter_tools\gradle\.gradle\8.10.2\executionHistory)" [_thread_blocked, id=9144, stack(0x0000005446300000,0x0000005446400000)]
  0x00000225e80c3160 JavaThread "Unconstrained build operations Thread 22" [_thread_blocked, id=1404, stack(0x0000005446400000,0x0000005446500000)]
  0x00000225e80c9190 JavaThread "Unconstrained build operations Thread 23" [_thread_in_Java, id=2136, stack(0x0000005446500000,0x0000005446600000)]
  0x00000225e80c9bb0 JavaThread "Unconstrained build operations Thread 24" [_thread_blocked, id=13356, stack(0x0000005446600000,0x0000005446700000)]
  0x00000225e80c45a0 JavaThread "Unconstrained build operations Thread 25" [_thread_blocked, id=9640, stack(0x0000005446700000,0x0000005446800000)]
  0x00000225e80ca0c0 JavaThread "Unconstrained build operations Thread 26" [_thread_in_native, id=3688, stack(0x0000005446800000,0x0000005446900000)]
  0x00000225e80c4ab0 JavaThread "Unconstrained build operations Thread 27" [_thread_blocked, id=16020, stack(0x0000005446900000,0x0000005446a00000)]
  0x00000225e80c59e0 JavaThread "Unconstrained build operations Thread 28" [_thread_blocked, id=6088, stack(0x0000005446a00000,0x0000005446b00000)]
  0x00000225e80caae0 JavaThread "Unconstrained build operations Thread 29" [_thread_blocked, id=16448, stack(0x0000005446b00000,0x0000005446c00000)]
  0x00000225cd813880 JavaThread "Unconstrained build operations Thread 30" [_thread_blocked, id=7408, stack(0x0000005446c00000,0x0000005446d00000)]
  0x00000225cd815bf0 JavaThread "Unconstrained build operations Thread 31" [_thread_blocked, id=10116, stack(0x0000005446d00000,0x0000005446e00000)]
  0x00000225cd810af0 JavaThread "Unconstrained build operations Thread 32" [_thread_blocked, id=8556, stack(0x0000005446e00000,0x0000005446f00000)]
  0x00000225cd8147b0 JavaThread "Unconstrained build operations Thread 33" [_thread_in_Java, id=5828, stack(0x0000005446f00000,0x0000005447000000)]
  0x00000225cd811f30 JavaThread "Unconstrained build operations Thread 34" [_thread_blocked, id=6156, stack(0x0000005447000000,0x0000005447100000)]
  0x00000225cd812e60 JavaThread "Unconstrained build operations Thread 35" [_thread_blocked, id=9364, stack(0x0000005447100000,0x0000005447200000)]
  0x00000225cd812440 JavaThread "Unconstrained build operations Thread 36" [_thread_blocked, id=15824, stack(0x0000005447200000,0x0000005447300000)]
  0x00000225cd813370 JavaThread "Unconstrained build operations Thread 37" [_thread_blocked, id=8328, stack(0x0000005447300000,0x0000005447400000)]
  0x00000225cd812950 JavaThread "Unconstrained build operations Thread 38" [_thread_blocked, id=12504, stack(0x0000005447400000,0x0000005447500000)]
  0x00000225cd814cc0 JavaThread "Unconstrained build operations Thread 39" [_thread_blocked, id=15348, stack(0x0000005447500000,0x0000005447600000)]
  0x00000225cd8156e0 JavaThread "Unconstrained build operations Thread 40" [_thread_blocked, id=16444, stack(0x0000005447600000,0x0000005447700000)]
  0x00000225cd813d90 JavaThread "Unconstrained build operations Thread 41" [_thread_blocked, id=14400, stack(0x0000005447700000,0x0000005447800000)]
  0x00000225cd817030 JavaThread "Unconstrained build operations Thread 42" [_thread_blocked, id=16108, stack(0x0000005447800000,0x0000005447900000)]
  0x00000225cd8151d0 JavaThread "Unconstrained build operations Thread 43" [_thread_blocked, id=15492, stack(0x0000005447900000,0x0000005447a00000)]
  0x00000225cd816100 JavaThread "Unconstrained build operations Thread 44" [_thread_blocked, id=3428, stack(0x0000005447a00000,0x0000005447b00000)]
  0x00000225cd816610 JavaThread "Unconstrained build operations Thread 45" [_thread_blocked, id=9812, stack(0x0000005447b00000,0x0000005447c00000)]
  0x00000225cd817540 JavaThread "Unconstrained build operations Thread 46" [_thread_blocked, id=8568, stack(0x0000005447c00000,0x0000005447d00000)]
  0x00000225cd8100d0 JavaThread "Unconstrained build operations Thread 47" [_thread_blocked, id=8912, stack(0x0000005447d00000,0x0000005447e00000)]
  0x00000225cd816b20 JavaThread "Unconstrained build operations Thread 48" [_thread_blocked, id=11660, stack(0x0000005447e00000,0x0000005447f00000)]
  0x00000225cd817a50 JavaThread "Unconstrained build operations Thread 49" [_thread_blocked, id=4184, stack(0x0000005447f00000,0x0000005448000000)]
  0x00000225cd8105e0 JavaThread "Unconstrained build operations Thread 50" [_thread_blocked, id=17168, stack(0x0000005448000000,0x0000005448100000)]
  0x00000225cd8142a0 JavaThread "Unconstrained build operations Thread 51" [_thread_blocked, id=7088, stack(0x0000005448100000,0x0000005448200000)]
  0x00000225cd811510 JavaThread "Unconstrained build operations Thread 52" [_thread_blocked, id=7952, stack(0x0000005448200000,0x0000005448300000)]
  0x00000225cd811a20 JavaThread "Unconstrained build operations Thread 53" [_thread_blocked, id=14696, stack(0x0000005448300000,0x0000005448400000)]
  0x00000225e824f970 JavaThread "Unconstrained build operations Thread 54" [_thread_blocked, id=2292, stack(0x0000005448400000,0x0000005448500000)]
  0x00000225e824f460 JavaThread "Unconstrained build operations Thread 55" [_thread_blocked, id=7680, stack(0x0000005448500000,0x0000005448600000)]
  0x00000225e8252c10 JavaThread "Unconstrained build operations Thread 56" [_thread_blocked, id=7840, stack(0x0000005448600000,0x0000005448700000)]
  0x00000225e8254f80 JavaThread "Unconstrained build operations Thread 57" [_thread_blocked, id=10976, stack(0x0000005448700000,0x0000005448800000)]
  0x00000225e824e530 JavaThread "Unconstrained build operations Thread 58" [_thread_blocked, id=8656, stack(0x0000005448800000,0x0000005448900000)]
  0x00000225e824fe80 JavaThread "Unconstrained build operations Thread 59" [_thread_blocked, id=13404, stack(0x0000005448900000,0x0000005448a00000)]
  0x00000225e8250390 JavaThread "Unconstrained build operations Thread 60" [_thread_blocked, id=11396, stack(0x0000005448a00000,0x0000005448b00000)]
  0x00000225e8254a70 JavaThread "Unconstrained build operations Thread 61" [_thread_blocked, id=11948, stack(0x0000005448b00000,0x0000005448c00000)]
  0x00000225e824ef50 JavaThread "Unconstrained build operations Thread 62" [_thread_blocked, id=7192, stack(0x0000005448c00000,0x0000005448d00000)]
  0x00000225e8253120 JavaThread "Unconstrained build operations Thread 63" [_thread_blocked, id=15504, stack(0x0000005448d00000,0x0000005448e00000)]
  0x00000225e8255490 JavaThread "Unconstrained build operations Thread 64" [_thread_blocked, id=15632, stack(0x0000005448e00000,0x0000005448f00000)]
  0x00000225e82508a0 JavaThread "Unconstrained build operations Thread 65" [_thread_blocked, id=8140, stack(0x0000005448f00000,0x0000005449000000)]
  0x00000225e824ea40 JavaThread "build event listener" [_thread_blocked, id=15896, stack(0x0000005449000000,0x0000005449100000)]
  0x00000225e82517d0 JavaThread "jar transforms" [_thread_blocked, id=10168, stack(0x0000005449100000,0x0000005449200000)]
  0x00000225e8252700 JavaThread "Unconstrained build operations Thread 66" [_thread_blocked, id=6260, stack(0x0000005449200000,0x0000005449300000)]
  0x00000225ea347400 JavaThread "Unconstrained build operations Thread 67" [_thread_blocked, id=8580, stack(0x0000005449300000,0x0000005449400000)]
  0x00000225ec1b7210 JavaThread "Unconstrained build operations Thread 68" [_thread_blocked, id=9120, stack(0x0000005449400000,0x0000005449500000)]
  0x00000225ec1b9580 JavaThread "Unconstrained build operations Thread 69" [_thread_blocked, id=6416, stack(0x0000005449500000,0x0000005449600000)]
  0x00000225ec1b7720 JavaThread "Unconstrained build operations Thread 70" [_thread_blocked, id=12700, stack(0x0000005449600000,0x0000005449700000)]
  0x00000225ec1baed0 JavaThread "Unconstrained build operations Thread 71" [_thread_blocked, id=9756, stack(0x0000005449700000,0x0000005449800000)]
  0x00000225ec1b4990 JavaThread "Unconstrained build operations Thread 72" [_thread_blocked, id=528, stack(0x0000005449800000,0x0000005449900000)]
  0x00000225ec1b8b60 JavaThread "Unconstrained build operations Thread 73" [_thread_blocked, id=16820, stack(0x0000005449900000,0x0000005449a00000)]
  0x00000225ec1bb3e0 JavaThread "Unconstrained build operations Thread 74" [_thread_blocked, id=9428, stack(0x0000005449a00000,0x0000005449b00000)]
  0x00000225ec1b9a90 JavaThread "Unconstrained build operations Thread 75" [_thread_blocked, id=1556, stack(0x0000005449b00000,0x0000005449c00000)]
  0x00000225ec1b62e0 JavaThread "Unconstrained build operations Thread 76" [_thread_blocked, id=9192, stack(0x0000005449c00000,0x0000005449d00000)]
  0x00000225ec1b8140 JavaThread "Unconstrained build operations Thread 77" [_thread_blocked, id=17112, stack(0x0000005449d00000,0x0000005449e00000)]
  0x00000225ec1b9fa0 JavaThread "Unconstrained build operations Thread 78" [_thread_blocked, id=12200, stack(0x0000005449e00000,0x0000005449f00000)]
  0x00000225ec1ba9c0 JavaThread "Unconstrained build operations Thread 79" [_thread_blocked, id=16472, stack(0x0000005449f00000,0x000000544a000000)]
  0x00000225ec1b6d00 JavaThread "Unconstrained build operations Thread 80" [_thread_blocked, id=1200, stack(0x000000544a000000,0x000000544a100000)]
  0x00000225ec1b7c30 JavaThread "jar transforms Thread 2" [_thread_blocked, id=8836, stack(0x000000544a300000,0x000000544a400000)]
  0x00000225ec1b53b0 JavaThread "jar transforms Thread 3" [_thread_blocked, id=6512, stack(0x000000544a400000,0x000000544a500000)]
  0x00000225ec1b3f70 JavaThread "jar transforms Thread 4" [_thread_blocked, id=15480, stack(0x000000544a500000,0x000000544a600000)]
  0x00000225ec1bb8f0 JavaThread "jar transforms Thread 5" [_thread_blocked, id=6620, stack(0x000000544a600000,0x000000544a700000)]
  0x00000225ec1b67f0 JavaThread "jar transforms Thread 6" [_thread_blocked, id=10304, stack(0x000000544a700000,0x000000544a800000)]
  0x00000225ec1b58c0 JavaThread "jar transforms Thread 7" [_thread_blocked, id=3236, stack(0x000000544a800000,0x000000544a900000)]
  0x00000225ec1b4ea0 JavaThread "jar transforms Thread 8" [_thread_blocked, id=5408, stack(0x000000544a900000,0x000000544aa00000)]
  0x00000225f183cd70 JavaThread "Cache worker for execution history cache (D:\bass_training_app\android\.gradle\8.10.2\executionHistory)" [_thread_blocked, id=6220, stack(0x000000544ac00000,0x000000544ad00000)]
  0x00000225f1843cd0 JavaThread "Exec process" [_thread_blocked, id=3156, stack(0x000000544ad00000,0x000000544ae00000)]
  0x00000225f18441e0 JavaThread "Exec process Thread 2" [_thread_blocked, id=15068, stack(0x000000544ae00000,0x000000544af00000)]
  0x00000225f1840f40 JavaThread "Exec process Thread 3" [_thread_blocked, id=11884, stack(0x000000544af00000,0x000000544b000000)]
  0x00000225f18432b0 JavaThread "WorkerExecutor Queue" [_thread_in_native, id=8216, stack(0x0000005441000000,0x0000005441100000)]
  0x00000225f1841e70 JavaThread "WorkerExecutor Queue Thread 3" [_thread_in_native, id=16176, stack(0x0000005441100000,0x0000005441200000)]
  0x00000225f183e1b0 JavaThread "RMI Scheduler(0)" daemon [_thread_blocked, id=11916, stack(0x0000005441200000,0x0000005441300000)]
  0x00000225f18446f0 JavaThread "RMI RenewClean-[127.0.0.1:17219,org.jetbrains.kotlin.daemon.common.LoopbackNetworkInterface$ClientLoopbackSocketFactory@eebe0ca]" daemon [_thread_blocked, id=9968, stack(0x000000544b000000,0x000000544b100000)]
  0x00000225f183f0e0 JavaThread "RMI GC Daemon" daemon [_thread_blocked, id=16500, stack(0x000000544b100000,0x000000544b200000)]
  0x00000225f183d790 JavaThread "WorkerExecutor Queue Thread 4" [_thread_blocked, id=4396, stack(0x000000544b200000,0x000000544b300000)]
  0x00000225f1842380 JavaThread "RMI RenewClean-[127.0.0.1:17219,org.jetbrains.kotlin.daemon.common.LoopbackNetworkInterface$ClientLoopbackSocketFactory@6e277d13]" daemon [_thread_blocked, id=9064, stack(0x000000544b300000,0x000000544b400000)]
  0x00000225f1842890 JavaThread "RMI TCP Accept-0" daemon [_thread_in_native, id=7328, stack(0x000000544b400000,0x000000544b500000)]
  0x00000225f1840a30 JavaThread "RMI Reaper" [_thread_blocked, id=11372, stack(0x000000544b500000,0x000000544b600000)]
  0x00000225f183ebd0 JavaThread "RMI TCP Connection(1)-127.0.0.1" daemon [_thread_in_native, id=2880, stack(0x000000544b600000,0x000000544b700000)]
  0x00000225f183f5f0 JavaThread "RMI TCP Connection(2)-127.0.0.1" daemon [_thread_in_native, id=8236, stack(0x000000544b700000,0x000000544b800000)]
=>0x00000225cdf98670 JavaThread "C2 CompilerThread1" daemon [_thread_in_native, id=15968, stack(0x000000544b900000,0x000000544ba00000)]
  0x00000225f283ec50 Thread [stack: 0x000000544ba00000,0x000000544bb00000] [id=13912]
  0x00000225f283f160 JavaThread "Thread-128" [_thread_in_native, id=15308, stack(0x000000544bb00000,0x000000544bc00000)]

Other Threads:
  0x00000225cd236d70 VMThread "VM Thread" [stack: 0x0000005441900000,0x0000005441a00000] [id=12508]
  0x00000225b5526b30 WatcherThread [stack: 0x0000005442500000,0x0000005442600000] [id=13980]
  0x00000225b5508830 GCTaskThread "GC Thread#0" [stack: 0x0000005441400000,0x0000005441500000] [id=7860]
  0x00000225cd874f40 GCTaskThread "GC Thread#1" [stack: 0x0000005442600000,0x0000005442700000] [id=7732]
  0x00000225cdabb090 GCTaskThread "GC Thread#2" [stack: 0x0000005442700000,0x0000005442800000] [id=17380]
  0x00000225cdec58f0 GCTaskThread "GC Thread#3" [stack: 0x0000005442800000,0x0000005442900000] [id=8708]
  0x00000225cdec5fc0 GCTaskThread "GC Thread#4" [stack: 0x0000005442900000,0x0000005442a00000] [id=12564]
  0x00000225e8ec9d50 GCTaskThread "GC Thread#5" [stack: 0x0000005443700000,0x0000005443800000] [id=7440]
  0x00000225e889a030 GCTaskThread "GC Thread#6" [stack: 0x0000005443800000,0x0000005443900000] [id=8076]
  0x00000225e8d94380 GCTaskThread "GC Thread#7" [stack: 0x0000005443900000,0x0000005443a00000] [id=2160]
  0x00000225b5515430 ConcurrentGCThread "G1 Main Marker" [stack: 0x0000005441500000,0x0000005441600000] [id=10940]
  0x00000225b5516290 ConcurrentGCThread "G1 Conc#0" [stack: 0x0000005441600000,0x0000005441700000] [id=13568]
  0x00000225e88f1620 ConcurrentGCThread "G1 Conc#1" [stack: 0x0000005443c00000,0x0000005443d00000] [id=7932]
  0x00000225b558d460 ConcurrentGCThread "G1 Refine#0" [stack: 0x0000005441700000,0x0000005441800000] [id=7488]
  0x00000225e8f4e600 ConcurrentGCThread "G1 Refine#1" [stack: 0x000000544aa00000,0x000000544ab00000] [id=6720]
  0x00000225e8f4f7a0 ConcurrentGCThread "G1 Refine#2" [stack: 0x000000544ab00000,0x000000544ac00000] [id=3880]
  0x00000225f290ace0 ConcurrentGCThread "G1 Refine#3" [stack: 0x000000544b800000,0x000000544b900000] [id=8436]
  0x00000225b558db40 ConcurrentGCThread "G1 Service" [stack: 0x0000005441800000,0x0000005441900000] [id=3048]

Threads with active compile tasks:
C2 CompilerThread0   120192 25895       4       com.android.tools.r8.ir.optimize.e0::a (510 bytes)
C2 CompilerThread1   120192 25807 %     4       com.android.tools.r8.internal.Vz::a @ 205 (3948 bytes)

VM state: not at safepoint (normal execution)

VM Mutex/Monitor currently owned by a thread: None

Heap address: 0x00000000a0000000, size: 1536 MB, Compressed Oops mode: 32-bit

CDS archive(s) mapped at: [0x00000225ce000000-0x00000225cebd0000-0x00000225cebd0000), size 12386304, SharedBaseAddress: 0x00000225ce000000, ArchiveRelocationMode: 1.
Compressed class space mapped at: 0x00000225cf000000-0x00000225e3000000, reserved size: 335544320
Narrow klass base: 0x00000225ce000000, Narrow klass shift: 0, Narrow klass range: 0x100000000

GC Precious Log:
 CPUs: 8 total, 8 available
 Memory: 8108M
 Large Page Support: Disabled
 NUMA Support: Disabled
 Compressed Oops: Enabled (32-bit)
 Heap Region Size: 1M
 Heap Min Capacity: 8M
 Heap Initial Capacity: 128M
 Heap Max Capacity: 1536M
 Pre-touch: Disabled
 Parallel Workers: 8
 Concurrent Workers: 2
 Concurrent Refinement Workers: 8
 Periodic GC: Disabled

Heap:
 garbage-first heap   total 686080K, used 502375K [0x00000000a0000000, 0x0000000100000000)
  region size 1024K, 197 young (201728K), 7 survivors (7168K)
 Metaspace       used 140717K, committed 142400K, reserved 458752K
  class space    used 19517K, committed 20288K, reserved 327680K

Heap Regions: E=young(eden), S=young(survivor), O=old, HS=humongous(starts), HC=humongous(continues), CS=collection set, F=free, OA=open archive, CA=closed archive, TAMS=top-at-mark-start (previous, next)
|   0|0x00000000a0000000, 0x00000000a0100000, 0x00000000a0100000|100%| O|  |TAMS 0x00000000a0100000, 0x00000000a0000000| Untracked 
|   1|0x00000000a0100000, 0x00000000a0200000, 0x00000000a0200000|100%| O|  |TAMS 0x00000000a0200000, 0x00000000a0100000| Untracked 
|   2|0x00000000a0200000, 0x00000000a0300000, 0x00000000a0300000|100%|HS|  |TAMS 0x00000000a0300000, 0x00000000a0200000| Complete 
|   3|0x00000000a0300000, 0x00000000a0400000, 0x00000000a0400000|100%|HC|  |TAMS 0x00000000a0400000, 0x00000000a0300000| Complete 
|   4|0x00000000a0400000, 0x00000000a0500000, 0x00000000a0500000|100%|HC|  |TAMS 0x00000000a0500000, 0x00000000a0400000| Complete 
|   5|0x00000000a0500000, 0x00000000a0600000, 0x00000000a0600000|100%|HC|  |TAMS 0x00000000a0600000, 0x00000000a0500000| Complete 
|   6|0x00000000a0600000, 0x00000000a0700000, 0x00000000a0700000|100%| O|  |TAMS 0x00000000a0700000, 0x00000000a0600000| Untracked 
|   7|0x00000000a0700000, 0x00000000a0800000, 0x00000000a0800000|100%| O|  |TAMS 0x00000000a0800000, 0x00000000a0700000| Untracked 
|   8|0x00000000a0800000, 0x00000000a0900000, 0x00000000a0900000|100%| O|  |TAMS 0x00000000a0900000, 0x00000000a0800000| Untracked 
|   9|0x00000000a0900000, 0x00000000a0a00000, 0x00000000a0a00000|100%|HS|  |TAMS 0x00000000a0a00000, 0x00000000a0900000| Complete 
|  10|0x00000000a0a00000, 0x00000000a0b00000, 0x00000000a0b00000|100%| O|  |TAMS 0x00000000a0b00000, 0x00000000a0a00000| Untracked 
|  11|0x00000000a0b00000, 0x00000000a0c00000, 0x00000000a0c00000|100%| O|  |TAMS 0x00000000a0c00000, 0x00000000a0b00000| Untracked 
|  12|0x00000000a0c00000, 0x00000000a0d00000, 0x00000000a0d00000|100%| O|  |TAMS 0x00000000a0d00000, 0x00000000a0c00000| Untracked 
|  13|0x00000000a0d00000, 0x00000000a0e00000, 0x00000000a0e00000|100%| O|  |TAMS 0x00000000a0e00000, 0x00000000a0d00000| Untracked 
|  14|0x00000000a0e00000, 0x00000000a0f00000, 0x00000000a0f00000|100%| O|  |TAMS 0x00000000a0f00000, 0x00000000a0e00000| Untracked 
|  15|0x00000000a0f00000, 0x00000000a1000000, 0x00000000a1000000|100%| O|  |TAMS 0x00000000a1000000, 0x00000000a0f00000| Untracked 
|  16|0x00000000a1000000, 0x00000000a1100000, 0x00000000a1100000|100%| O|  |TAMS 0x00000000a1100000, 0x00000000a1000000| Untracked 
|  17|0x00000000a1100000, 0x00000000a1200000, 0x00000000a1200000|100%| O|  |TAMS 0x00000000a1200000, 0x00000000a1100000| Untracked 
|  18|0x00000000a1200000, 0x00000000a1300000, 0x00000000a1300000|100%| O|  |TAMS 0x00000000a1300000, 0x00000000a1200000| Untracked 
|  19|0x00000000a1300000, 0x00000000a1400000, 0x00000000a1400000|100%| O|  |TAMS 0x00000000a1400000, 0x00000000a1300000| Untracked 
|  20|0x00000000a1400000, 0x00000000a1500000, 0x00000000a1500000|100%| O|  |TAMS 0x00000000a1500000, 0x00000000a1400000| Untracked 
|  21|0x00000000a1500000, 0x00000000a1600000, 0x00000000a1600000|100%| O|  |TAMS 0x00000000a1600000, 0x00000000a1500000| Untracked 
|  22|0x00000000a1600000, 0x00000000a1700000, 0x00000000a1700000|100%| O|  |TAMS 0x00000000a1700000, 0x00000000a1600000| Untracked 
|  23|0x00000000a1700000, 0x00000000a1800000, 0x00000000a1800000|100%| O|  |TAMS 0x00000000a1800000, 0x00000000a1700000| Untracked 
|  24|0x00000000a1800000, 0x00000000a1900000, 0x00000000a1900000|100%| O|  |TAMS 0x00000000a1900000, 0x00000000a1800000| Untracked 
|  25|0x00000000a1900000, 0x00000000a1a00000, 0x00000000a1a00000|100%| O|  |TAMS 0x00000000a1a00000, 0x00000000a1900000| Untracked 
|  26|0x00000000a1a00000, 0x00000000a1b00000, 0x00000000a1b00000|100%| O|  |TAMS 0x00000000a1b00000, 0x00000000a1a00000| Untracked 
|  27|0x00000000a1b00000, 0x00000000a1c00000, 0x00000000a1c00000|100%| O|  |TAMS 0x00000000a1c00000, 0x00000000a1b00000| Untracked 
|  28|0x00000000a1c00000, 0x00000000a1d00000, 0x00000000a1d00000|100%| O|  |TAMS 0x00000000a1d00000, 0x00000000a1c00000| Untracked 
|  29|0x00000000a1d00000, 0x00000000a1e00000, 0x00000000a1e00000|100%| O|  |TAMS 0x00000000a1e00000, 0x00000000a1d00000| Untracked 
|  30|0x00000000a1e00000, 0x00000000a1f00000, 0x00000000a1f00000|100%| O|  |TAMS 0x00000000a1f00000, 0x00000000a1e00000| Untracked 
|  31|0x00000000a1f00000, 0x00000000a2000000, 0x00000000a2000000|100%| O|  |TAMS 0x00000000a2000000, 0x00000000a1f00000| Untracked 
|  32|0x00000000a2000000, 0x00000000a2100000, 0x00000000a2100000|100%| O|  |TAMS 0x00000000a2100000, 0x00000000a2000000| Untracked 
|  33|0x00000000a2100000, 0x00000000a2200000, 0x00000000a2200000|100%| O|  |TAMS 0x00000000a2200000, 0x00000000a2100000| Untracked 
|  34|0x00000000a2200000, 0x00000000a2300000, 0x00000000a2300000|100%| O|  |TAMS 0x00000000a2300000, 0x00000000a2200000| Untracked 
|  35|0x00000000a2300000, 0x00000000a2400000, 0x00000000a2400000|100%| O|  |TAMS 0x00000000a2400000, 0x00000000a2300000| Untracked 
|  36|0x00000000a2400000, 0x00000000a2500000, 0x00000000a2500000|100%| O|  |TAMS 0x00000000a2500000, 0x00000000a2400000| Untracked 
|  37|0x00000000a2500000, 0x00000000a2600000, 0x00000000a2600000|100%| O|  |TAMS 0x00000000a2600000, 0x00000000a2500000| Untracked 
|  38|0x00000000a2600000, 0x00000000a2700000, 0x00000000a2700000|100%| O|  |TAMS 0x00000000a2700000, 0x00000000a2600000| Untracked 
|  39|0x00000000a2700000, 0x00000000a2800000, 0x00000000a2800000|100%| O|  |TAMS 0x00000000a2800000, 0x00000000a2700000| Untracked 
|  40|0x00000000a2800000, 0x00000000a2900000, 0x00000000a2900000|100%| O|  |TAMS 0x00000000a2900000, 0x00000000a2800000| Untracked 
|  41|0x00000000a2900000, 0x00000000a2a00000, 0x00000000a2a00000|100%| O|  |TAMS 0x00000000a2a00000, 0x00000000a2900000| Untracked 
|  42|0x00000000a2a00000, 0x00000000a2b00000, 0x00000000a2b00000|100%|HS|  |TAMS 0x00000000a2b00000, 0x00000000a2a00000| Complete 
|  43|0x00000000a2b00000, 0x00000000a2c00000, 0x00000000a2c00000|100%|HC|  |TAMS 0x00000000a2c00000, 0x00000000a2b00000| Complete 
|  44|0x00000000a2c00000, 0x00000000a2d00000, 0x00000000a2d00000|100%|HS|  |TAMS 0x00000000a2d00000, 0x00000000a2c00000| Complete 
|  45|0x00000000a2d00000, 0x00000000a2e00000, 0x00000000a2e00000|100%|HC|  |TAMS 0x00000000a2e00000, 0x00000000a2d00000| Complete 
|  46|0x00000000a2e00000, 0x00000000a2f00000, 0x00000000a2f00000|100%| O|  |TAMS 0x00000000a2f00000, 0x00000000a2e00000| Untracked 
|  47|0x00000000a2f00000, 0x00000000a3000000, 0x00000000a3000000|100%| O|  |TAMS 0x00000000a3000000, 0x00000000a2f00000| Untracked 
|  48|0x00000000a3000000, 0x00000000a3100000, 0x00000000a3100000|100%| O|  |TAMS 0x00000000a3100000, 0x00000000a3000000| Untracked 
|  49|0x00000000a3100000, 0x00000000a3200000, 0x00000000a3200000|100%| O|  |TAMS 0x00000000a3200000, 0x00000000a3100000| Untracked 
|  50|0x00000000a3200000, 0x00000000a3300000, 0x00000000a3300000|100%| O|  |TAMS 0x00000000a3300000, 0x00000000a3200000| Untracked 
|  51|0x00000000a3300000, 0x00000000a3400000, 0x00000000a3400000|100%| O|  |TAMS 0x00000000a3400000, 0x00000000a3300000| Untracked 
|  52|0x00000000a3400000, 0x00000000a3500000, 0x00000000a3500000|100%| O|  |TAMS 0x00000000a3500000, 0x00000000a3400000| Untracked 
|  53|0x00000000a3500000, 0x00000000a3600000, 0x00000000a3600000|100%| O|  |TAMS 0x00000000a3600000, 0x00000000a3500000| Untracked 
|  54|0x00000000a3600000, 0x00000000a3700000, 0x00000000a3700000|100%| O|  |TAMS 0x00000000a3700000, 0x00000000a3600000| Untracked 
|  55|0x00000000a3700000, 0x00000000a3800000, 0x00000000a3800000|100%| O|  |TAMS 0x00000000a3800000, 0x00000000a3700000| Untracked 
|  56|0x00000000a3800000, 0x00000000a3900000, 0x00000000a3900000|100%| O|  |TAMS 0x00000000a3900000, 0x00000000a3800000| Untracked 
|  57|0x00000000a3900000, 0x00000000a3a00000, 0x00000000a3a00000|100%| O|  |TAMS 0x00000000a3a00000, 0x00000000a3900000| Untracked 
|  58|0x00000000a3a00000, 0x00000000a3b00000, 0x00000000a3b00000|100%| O|  |TAMS 0x00000000a3b00000, 0x00000000a3a00000| Untracked 
|  59|0x00000000a3b00000, 0x00000000a3c00000, 0x00000000a3c00000|100%| O|  |TAMS 0x00000000a3c00000, 0x00000000a3b00000| Untracked 
|  60|0x00000000a3c00000, 0x00000000a3d00000, 0x00000000a3d00000|100%| O|  |TAMS 0x00000000a3d00000, 0x00000000a3c00000| Untracked 
|  61|0x00000000a3d00000, 0x00000000a3e00000, 0x00000000a3e00000|100%| O|  |TAMS 0x00000000a3e00000, 0x00000000a3d00000| Untracked 
|  62|0x00000000a3e00000, 0x00000000a3f00000, 0x00000000a3f00000|100%| O|  |TAMS 0x00000000a3f00000, 0x00000000a3e00000| Untracked 
|  63|0x00000000a3f00000, 0x00000000a4000000, 0x00000000a4000000|100%| O|  |TAMS 0x00000000a4000000, 0x00000000a3f00000| Untracked 
|  64|0x00000000a4000000, 0x00000000a4100000, 0x00000000a4100000|100%| O|  |TAMS 0x00000000a4100000, 0x00000000a4000000| Untracked 
|  65|0x00000000a4100000, 0x00000000a4200000, 0x00000000a4200000|100%|HS|  |TAMS 0x00000000a4200000, 0x00000000a4100000| Complete 
|  66|0x00000000a4200000, 0x00000000a4300000, 0x00000000a4300000|100%|HS|  |TAMS 0x00000000a4300000, 0x00000000a4200000| Complete 
|  67|0x00000000a4300000, 0x00000000a4400000, 0x00000000a4400000|100%|HS|  |TAMS 0x00000000a4400000, 0x00000000a4300000| Complete 
|  68|0x00000000a4400000, 0x00000000a4500000, 0x00000000a4500000|100%|HC|  |TAMS 0x00000000a4500000, 0x00000000a4400000| Complete 
|  69|0x00000000a4500000, 0x00000000a4600000, 0x00000000a4600000|100%|HC|  |TAMS 0x00000000a4600000, 0x00000000a4500000| Complete 
|  70|0x00000000a4600000, 0x00000000a4700000, 0x00000000a4700000|100%|HS|  |TAMS 0x00000000a4700000, 0x00000000a4600000| Complete 
|  71|0x00000000a4700000, 0x00000000a4800000, 0x00000000a4800000|100%| O|  |TAMS 0x00000000a4800000, 0x00000000a4700000| Untracked 
|  72|0x00000000a4800000, 0x00000000a4900000, 0x00000000a4900000|100%| O|  |TAMS 0x00000000a4900000, 0x00000000a4800000| Untracked 
|  73|0x00000000a4900000, 0x00000000a4a00000, 0x00000000a4a00000|100%|HS|  |TAMS 0x00000000a4a00000, 0x00000000a4900000| Complete 
|  74|0x00000000a4a00000, 0x00000000a4b00000, 0x00000000a4b00000|100%|HS|  |TAMS 0x00000000a4b00000, 0x00000000a4a00000| Complete 
|  75|0x00000000a4b00000, 0x00000000a4c00000, 0x00000000a4c00000|100%| O|  |TAMS 0x00000000a4c00000, 0x00000000a4b00000| Untracked 
|  76|0x00000000a4c00000, 0x00000000a4d00000, 0x00000000a4d00000|100%| O|  |TAMS 0x00000000a4d00000, 0x00000000a4c00000| Untracked 
|  77|0x00000000a4d00000, 0x00000000a4e00000, 0x00000000a4e00000|100%| O|  |TAMS 0x00000000a4e00000, 0x00000000a4d00000| Untracked 
|  78|0x00000000a4e00000, 0x00000000a4f00000, 0x00000000a4f00000|100%|HS|  |TAMS 0x00000000a4f00000, 0x00000000a4e00000| Complete 
|  79|0x00000000a4f00000, 0x00000000a5000000, 0x00000000a5000000|100%| O|  |TAMS 0x00000000a5000000, 0x00000000a4f00000| Untracked 
|  80|0x00000000a5000000, 0x00000000a5100000, 0x00000000a5100000|100%| O|  |TAMS 0x00000000a5100000, 0x00000000a5000000| Untracked 
|  81|0x00000000a5100000, 0x00000000a5200000, 0x00000000a5200000|100%| O|  |TAMS 0x00000000a5200000, 0x00000000a5100000| Untracked 
|  82|0x00000000a5200000, 0x00000000a5300000, 0x00000000a5300000|100%| O|  |TAMS 0x00000000a5300000, 0x00000000a5200000| Untracked 
|  83|0x00000000a5300000, 0x00000000a5400000, 0x00000000a5400000|100%| O|  |TAMS 0x00000000a5400000, 0x00000000a5300000| Untracked 
|  84|0x00000000a5400000, 0x00000000a5500000, 0x00000000a5500000|100%| O|  |TAMS 0x00000000a5500000, 0x00000000a5400000| Untracked 
|  85|0x00000000a5500000, 0x00000000a5600000, 0x00000000a5600000|100%| O|  |TAMS 0x00000000a5600000, 0x00000000a5500000| Untracked 
|  86|0x00000000a5600000, 0x00000000a5700000, 0x00000000a5700000|100%| O|  |TAMS 0x00000000a5700000, 0x00000000a5600000| Untracked 
|  87|0x00000000a5700000, 0x00000000a5800000, 0x00000000a5800000|100%| O|  |TAMS 0x00000000a5800000, 0x00000000a5700000| Untracked 
|  88|0x00000000a5800000, 0x00000000a5900000, 0x00000000a5900000|100%|HS|  |TAMS 0x00000000a5900000, 0x00000000a5800000| Complete 
|  89|0x00000000a5900000, 0x00000000a5a00000, 0x00000000a5a00000|100%| O|  |TAMS 0x00000000a5a00000, 0x00000000a5900000| Untracked 
|  90|0x00000000a5a00000, 0x00000000a5b00000, 0x00000000a5b00000|100%|HS|  |TAMS 0x00000000a5b00000, 0x00000000a5a00000| Complete 
|  91|0x00000000a5b00000, 0x00000000a5c00000, 0x00000000a5c00000|100%|HC|  |TAMS 0x00000000a5c00000, 0x00000000a5b00000| Complete 
|  92|0x00000000a5c00000, 0x00000000a5d00000, 0x00000000a5d00000|100%|HC|  |TAMS 0x00000000a5d00000, 0x00000000a5c00000| Complete 
|  93|0x00000000a5d00000, 0x00000000a5e00000, 0x00000000a5e00000|100%| O|  |TAMS 0x00000000a5e00000, 0x00000000a5d00000| Untracked 
|  94|0x00000000a5e00000, 0x00000000a5f00000, 0x00000000a5f00000|100%| O|  |TAMS 0x00000000a5f00000, 0x00000000a5e00000| Untracked 
|  95|0x00000000a5f00000, 0x00000000a6000000, 0x00000000a6000000|100%| O|  |TAMS 0x00000000a6000000, 0x00000000a5f00000| Untracked 
|  96|0x00000000a6000000, 0x00000000a6100000, 0x00000000a6100000|100%| O|  |TAMS 0x00000000a6100000, 0x00000000a6000000| Untracked 
|  97|0x00000000a6100000, 0x00000000a6200000, 0x00000000a6200000|100%| O|  |TAMS 0x00000000a6200000, 0x00000000a6100000| Untracked 
|  98|0x00000000a6200000, 0x00000000a6300000, 0x00000000a6300000|100%| O|  |TAMS 0x00000000a6300000, 0x00000000a6200000| Untracked 
|  99|0x00000000a6300000, 0x00000000a6400000, 0x00000000a6400000|100%| O|  |TAMS 0x00000000a6400000, 0x00000000a6300000| Untracked 
| 100|0x00000000a6400000, 0x00000000a6500000, 0x00000000a6500000|100%| O|  |TAMS 0x00000000a6500000, 0x00000000a6400000| Untracked 
| 101|0x00000000a6500000, 0x00000000a6600000, 0x00000000a6600000|100%| O|  |TAMS 0x00000000a6600000, 0x00000000a6500000| Untracked 
| 102|0x00000000a6600000, 0x00000000a6700000, 0x00000000a6700000|100%| O|  |TAMS 0x00000000a6700000, 0x00000000a6600000| Untracked 
| 103|0x00000000a6700000, 0x00000000a6800000, 0x00000000a6800000|100%| O|  |TAMS 0x00000000a6800000, 0x00000000a6700000| Untracked 
| 104|0x00000000a6800000, 0x00000000a6900000, 0x00000000a6900000|100%| O|  |TAMS 0x00000000a6900000, 0x00000000a6800000| Untracked 
| 105|0x00000000a6900000, 0x00000000a6a00000, 0x00000000a6a00000|100%|HS|  |TAMS 0x00000000a6a00000, 0x00000000a6900000| Complete 
| 106|0x00000000a6a00000, 0x00000000a6b00000, 0x00000000a6b00000|100%| O|  |TAMS 0x00000000a6b00000, 0x00000000a6a00000| Untracked 
| 107|0x00000000a6b00000, 0x00000000a6c00000, 0x00000000a6c00000|100%| O|  |TAMS 0x00000000a6c00000, 0x00000000a6b00000| Untracked 
| 108|0x00000000a6c00000, 0x00000000a6d00000, 0x00000000a6d00000|100%| O|  |TAMS 0x00000000a6d00000, 0x00000000a6c00000| Untracked 
| 109|0x00000000a6d00000, 0x00000000a6e00000, 0x00000000a6e00000|100%|HS|  |TAMS 0x00000000a6e00000, 0x00000000a6d00000| Complete 
| 110|0x00000000a6e00000, 0x00000000a6f00000, 0x00000000a6f00000|100%|HS|  |TAMS 0x00000000a6f00000, 0x00000000a6e00000| Complete 
| 111|0x00000000a6f00000, 0x00000000a7000000, 0x00000000a7000000|100%| O|  |TAMS 0x00000000a7000000, 0x00000000a6f00000| Untracked 
| 112|0x00000000a7000000, 0x00000000a7100000, 0x00000000a7100000|100%| O|  |TAMS 0x00000000a7100000, 0x00000000a7000000| Untracked 
| 113|0x00000000a7100000, 0x00000000a7200000, 0x00000000a7200000|100%| O|  |TAMS 0x00000000a7200000, 0x00000000a7100000| Untracked 
| 114|0x00000000a7200000, 0x00000000a7300000, 0x00000000a7300000|100%| O|  |TAMS 0x00000000a7300000, 0x00000000a7200000| Untracked 
| 115|0x00000000a7300000, 0x00000000a7400000, 0x00000000a7400000|100%| O|  |TAMS 0x00000000a7400000, 0x00000000a7300000| Untracked 
| 116|0x00000000a7400000, 0x00000000a7500000, 0x00000000a7500000|100%| O|  |TAMS 0x00000000a7500000, 0x00000000a7400000| Untracked 
| 117|0x00000000a7500000, 0x00000000a7600000, 0x00000000a7600000|100%| O|  |TAMS 0x00000000a7600000, 0x00000000a7500000| Untracked 
| 118|0x00000000a7600000, 0x00000000a7700000, 0x00000000a7700000|100%| O|  |TAMS 0x00000000a7700000, 0x00000000a7600000| Untracked 
| 119|0x00000000a7700000, 0x00000000a7800000, 0x00000000a7800000|100%| O|  |TAMS 0x00000000a7800000, 0x00000000a7700000| Untracked 
| 120|0x00000000a7800000, 0x00000000a7900000, 0x00000000a7900000|100%| O|  |TAMS 0x00000000a7900000, 0x00000000a7800000| Untracked 
| 121|0x00000000a7900000, 0x00000000a7a00000, 0x00000000a7a00000|100%| O|  |TAMS 0x00000000a7a00000, 0x00000000a7900000| Untracked 
| 122|0x00000000a7a00000, 0x00000000a7b00000, 0x00000000a7b00000|100%| O|  |TAMS 0x00000000a7b00000, 0x00000000a7a00000| Untracked 
| 123|0x00000000a7b00000, 0x00000000a7c00000, 0x00000000a7c00000|100%| O|  |TAMS 0x00000000a7c00000, 0x00000000a7b00000| Untracked 
| 124|0x00000000a7c00000, 0x00000000a7d00000, 0x00000000a7d00000|100%| O|  |TAMS 0x00000000a7d00000, 0x00000000a7c00000| Untracked 
| 125|0x00000000a7d00000, 0x00000000a7e00000, 0x00000000a7e00000|100%| O|  |TAMS 0x00000000a7e00000, 0x00000000a7d00000| Untracked 
| 126|0x00000000a7e00000, 0x00000000a7f00000, 0x00000000a7f00000|100%| O|  |TAMS 0x00000000a7f00000, 0x00000000a7e00000| Untracked 
| 127|0x00000000a7f00000, 0x00000000a8000000, 0x00000000a8000000|100%| O|  |TAMS 0x00000000a8000000, 0x00000000a7f00000| Untracked 
| 128|0x00000000a8000000, 0x00000000a8100000, 0x00000000a8100000|100%| O|  |TAMS 0x00000000a8100000, 0x00000000a8000000| Untracked 
| 129|0x00000000a8100000, 0x00000000a8200000, 0x00000000a8200000|100%| O|  |TAMS 0x00000000a8200000, 0x00000000a8100000| Untracked 
| 130|0x00000000a8200000, 0x00000000a8300000, 0x00000000a8300000|100%| O|  |TAMS 0x00000000a8300000, 0x00000000a8200000| Untracked 
| 131|0x00000000a8300000, 0x00000000a8400000, 0x00000000a8400000|100%| O|  |TAMS 0x00000000a8400000, 0x00000000a8300000| Untracked 
| 132|0x00000000a8400000, 0x00000000a8500000, 0x00000000a8500000|100%| O|  |TAMS 0x00000000a8500000, 0x00000000a8400000| Untracked 
| 133|0x00000000a8500000, 0x00000000a8600000, 0x00000000a8600000|100%| O|  |TAMS 0x00000000a8600000, 0x00000000a8500000| Untracked 
| 134|0x00000000a8600000, 0x00000000a8700000, 0x00000000a8700000|100%| O|  |TAMS 0x00000000a8700000, 0x00000000a8600000| Untracked 
| 135|0x00000000a8700000, 0x00000000a8800000, 0x00000000a8800000|100%| O|  |TAMS 0x00000000a8800000, 0x00000000a8700000| Untracked 
| 136|0x00000000a8800000, 0x00000000a8900000, 0x00000000a8900000|100%| O|  |TAMS 0x00000000a8900000, 0x00000000a8800000| Untracked 
| 137|0x00000000a8900000, 0x00000000a8a00000, 0x00000000a8a00000|100%| O|  |TAMS 0x00000000a8a00000, 0x00000000a8900000| Untracked 
| 138|0x00000000a8a00000, 0x00000000a8b00000, 0x00000000a8b00000|100%| O|  |TAMS 0x00000000a8b00000, 0x00000000a8a00000| Untracked 
| 139|0x00000000a8b00000, 0x00000000a8c00000, 0x00000000a8c00000|100%| O|  |TAMS 0x00000000a8c00000, 0x00000000a8b00000| Untracked 
| 140|0x00000000a8c00000, 0x00000000a8d00000, 0x00000000a8d00000|100%| O|  |TAMS 0x00000000a8d00000, 0x00000000a8c00000| Untracked 
| 141|0x00000000a8d00000, 0x00000000a8e00000, 0x00000000a8e00000|100%| O|  |TAMS 0x00000000a8e00000, 0x00000000a8d00000| Untracked 
| 142|0x00000000a8e00000, 0x00000000a8f00000, 0x00000000a8f00000|100%| O|  |TAMS 0x00000000a8f00000, 0x00000000a8e00000| Untracked 
| 143|0x00000000a8f00000, 0x00000000a9000000, 0x00000000a9000000|100%| O|  |TAMS 0x00000000a9000000, 0x00000000a8f00000| Untracked 
| 144|0x00000000a9000000, 0x00000000a9100000, 0x00000000a9100000|100%| O|  |TAMS 0x00000000a9100000, 0x00000000a9000000| Untracked 
| 145|0x00000000a9100000, 0x00000000a9200000, 0x00000000a9200000|100%|HS|  |TAMS 0x00000000a9200000, 0x00000000a9100000| Complete 
| 146|0x00000000a9200000, 0x00000000a9300000, 0x00000000a9300000|100%| O|  |TAMS 0x00000000a9300000, 0x00000000a9200000| Untracked 
| 147|0x00000000a9300000, 0x00000000a9400000, 0x00000000a9400000|100%| O|  |TAMS 0x00000000a9400000, 0x00000000a9300000| Untracked 
| 148|0x00000000a9400000, 0x00000000a9500000, 0x00000000a9500000|100%| O|  |TAMS 0x00000000a9500000, 0x00000000a9400000| Untracked 
| 149|0x00000000a9500000, 0x00000000a9600000, 0x00000000a9600000|100%| O|  |TAMS 0x00000000a9600000, 0x00000000a9500000| Untracked 
| 150|0x00000000a9600000, 0x00000000a9700000, 0x00000000a9700000|100%| O|  |TAMS 0x00000000a9700000, 0x00000000a9600000| Untracked 
| 151|0x00000000a9700000, 0x00000000a9800000, 0x00000000a9800000|100%| O|  |TAMS 0x00000000a9800000, 0x00000000a9700000| Untracked 
| 152|0x00000000a9800000, 0x00000000a9900000, 0x00000000a9900000|100%| O|  |TAMS 0x00000000a9900000, 0x00000000a9800000| Untracked 
| 153|0x00000000a9900000, 0x00000000a9a00000, 0x00000000a9a00000|100%| O|  |TAMS 0x00000000a9a00000, 0x00000000a9900000| Untracked 
| 154|0x00000000a9a00000, 0x00000000a9b00000, 0x00000000a9b00000|100%| O|  |TAMS 0x00000000a9b00000, 0x00000000a9a00000| Untracked 
| 155|0x00000000a9b00000, 0x00000000a9c00000, 0x00000000a9c00000|100%| O|  |TAMS 0x00000000a9c00000, 0x00000000a9b00000| Untracked 
| 156|0x00000000a9c00000, 0x00000000a9d00000, 0x00000000a9d00000|100%| O|  |TAMS 0x00000000a9d00000, 0x00000000a9c00000| Untracked 
| 157|0x00000000a9d00000, 0x00000000a9e00000, 0x00000000a9e00000|100%| O|  |TAMS 0x00000000a9e00000, 0x00000000a9d00000| Untracked 
| 158|0x00000000a9e00000, 0x00000000a9f00000, 0x00000000a9f00000|100%| O|  |TAMS 0x00000000a9f00000, 0x00000000a9e00000| Untracked 
| 159|0x00000000a9f00000, 0x00000000aa000000, 0x00000000aa000000|100%|HS|  |TAMS 0x00000000aa000000, 0x00000000a9f00000| Complete 
| 160|0x00000000aa000000, 0x00000000aa100000, 0x00000000aa100000|100%|HS|  |TAMS 0x00000000aa100000, 0x00000000aa000000| Complete 
| 161|0x00000000aa100000, 0x00000000aa200000, 0x00000000aa200000|100%|HC|  |TAMS 0x00000000aa200000, 0x00000000aa100000| Complete 
| 162|0x00000000aa200000, 0x00000000aa300000, 0x00000000aa300000|100%|HS|  |TAMS 0x00000000aa300000, 0x00000000aa200000| Complete 
| 163|0x00000000aa300000, 0x00000000aa400000, 0x00000000aa400000|100%|HS|  |TAMS 0x00000000aa400000, 0x00000000aa300000| Complete 
| 164|0x00000000aa400000, 0x00000000aa500000, 0x00000000aa500000|100%|HC|  |TAMS 0x00000000aa500000, 0x00000000aa400000| Complete 
| 165|0x00000000aa500000, 0x00000000aa600000, 0x00000000aa600000|100%|HC|  |TAMS 0x00000000aa600000, 0x00000000aa500000| Complete 
| 166|0x00000000aa600000, 0x00000000aa700000, 0x00000000aa700000|100%|HC|  |TAMS 0x00000000aa700000, 0x00000000aa600000| Complete 
| 167|0x00000000aa700000, 0x00000000aa800000, 0x00000000aa800000|100%| O|  |TAMS 0x00000000aa800000, 0x00000000aa700000| Untracked 
| 168|0x00000000aa800000, 0x00000000aa900000, 0x00000000aa900000|100%| O|  |TAMS 0x00000000aa900000, 0x00000000aa800000| Untracked 
| 169|0x00000000aa900000, 0x00000000aaa00000, 0x00000000aaa00000|100%| O|  |TAMS 0x00000000aaa00000, 0x00000000aa900000| Untracked 
| 170|0x00000000aaa00000, 0x00000000aab00000, 0x00000000aab00000|100%| O|  |TAMS 0x00000000aab00000, 0x00000000aaa00000| Untracked 
| 171|0x00000000aab00000, 0x00000000aac00000, 0x00000000aac00000|100%| O|  |TAMS 0x00000000aac00000, 0x00000000aab00000| Untracked 
| 172|0x00000000aac00000, 0x00000000aad00000, 0x00000000aad00000|100%| O|  |TAMS 0x00000000aad00000, 0x00000000aac00000| Untracked 
| 173|0x00000000aad00000, 0x00000000aae00000, 0x00000000aae00000|100%| O|  |TAMS 0x00000000aae00000, 0x00000000aad00000| Untracked 
| 174|0x00000000aae00000, 0x00000000aaf00000, 0x00000000aaf00000|100%| O|  |TAMS 0x00000000aaf00000, 0x00000000aae00000| Untracked 
| 175|0x00000000aaf00000, 0x00000000ab000000, 0x00000000ab000000|100%| O|  |TAMS 0x00000000ab000000, 0x00000000aaf00000| Untracked 
| 176|0x00000000ab000000, 0x00000000ab000000, 0x00000000ab100000|  0%| F|  |TAMS 0x00000000ab000000, 0x00000000ab000000| Untracked 
| 177|0x00000000ab100000, 0x00000000ab200000, 0x00000000ab200000|100%| O|  |TAMS 0x00000000ab200000, 0x00000000ab100000| Untracked 
| 178|0x00000000ab200000, 0x00000000ab300000, 0x00000000ab300000|100%| O|  |TAMS 0x00000000ab300000, 0x00000000ab200000| Untracked 
| 179|0x00000000ab300000, 0x00000000ab300000, 0x00000000ab400000|  0%| F|  |TAMS 0x00000000ab300000, 0x00000000ab300000| Untracked 
| 180|0x00000000ab400000, 0x00000000ab500000, 0x00000000ab500000|100%| O|  |TAMS 0x00000000ab500000, 0x00000000ab400000| Untracked 
| 181|0x00000000ab500000, 0x00000000ab600000, 0x00000000ab600000|100%| O|  |TAMS 0x00000000ab600000, 0x00000000ab500000| Untracked 
| 182|0x00000000ab600000, 0x00000000ab700000, 0x00000000ab700000|100%| O|  |TAMS 0x00000000ab700000, 0x00000000ab600000| Untracked 
| 183|0x00000000ab700000, 0x00000000ab800000, 0x00000000ab800000|100%| O|  |TAMS 0x00000000ab800000, 0x00000000ab700000| Untracked 
| 184|0x00000000ab800000, 0x00000000ab900000, 0x00000000ab900000|100%| O|  |TAMS 0x00000000ab900000, 0x00000000ab800000| Untracked 
| 185|0x00000000ab900000, 0x00000000aba00000, 0x00000000aba00000|100%| O|  |TAMS 0x00000000aba00000, 0x00000000ab900000| Untracked 
| 186|0x00000000aba00000, 0x00000000abb00000, 0x00000000abb00000|100%| O|  |TAMS 0x00000000abb00000, 0x00000000aba00000| Untracked 
| 187|0x00000000abb00000, 0x00000000abc00000, 0x00000000abc00000|100%| O|  |TAMS 0x00000000abc00000, 0x00000000abb00000| Untracked 
| 188|0x00000000abc00000, 0x00000000abc00000, 0x00000000abd00000|  0%| F|  |TAMS 0x00000000abc00000, 0x00000000abc00000| Untracked 
| 189|0x00000000abd00000, 0x00000000abd00000, 0x00000000abe00000|  0%| F|  |TAMS 0x00000000abd00000, 0x00000000abd00000| Untracked 
| 190|0x00000000abe00000, 0x00000000abf00000, 0x00000000abf00000|100%| O|  |TAMS 0x00000000abf00000, 0x00000000abe00000| Untracked 
| 191|0x00000000abf00000, 0x00000000ac000000, 0x00000000ac000000|100%| O|  |TAMS 0x00000000ac000000, 0x00000000abf00000| Untracked 
| 192|0x00000000ac000000, 0x00000000ac100000, 0x00000000ac100000|100%| O|  |TAMS 0x00000000ac100000, 0x00000000ac000000| Untracked 
| 193|0x00000000ac100000, 0x00000000ac200000, 0x00000000ac200000|100%| O|  |TAMS 0x00000000ac200000, 0x00000000ac100000| Untracked 
| 194|0x00000000ac200000, 0x00000000ac300000, 0x00000000ac300000|100%| O|  |TAMS 0x00000000ac300000, 0x00000000ac200000| Untracked 
| 195|0x00000000ac300000, 0x00000000ac400000, 0x00000000ac400000|100%| O|  |TAMS 0x00000000ac400000, 0x00000000ac300000| Untracked 
| 196|0x00000000ac400000, 0x00000000ac500000, 0x00000000ac500000|100%| O|  |TAMS 0x00000000ac500000, 0x00000000ac400000| Untracked 
| 197|0x00000000ac500000, 0x00000000ac600000, 0x00000000ac600000|100%| O|  |TAMS 0x00000000ac600000, 0x00000000ac500000| Untracked 
| 198|0x00000000ac600000, 0x00000000ac700000, 0x00000000ac700000|100%| O|  |TAMS 0x00000000ac700000, 0x00000000ac600000| Untracked 
| 199|0x00000000ac700000, 0x00000000ac800000, 0x00000000ac800000|100%| O|  |TAMS 0x00000000ac800000, 0x00000000ac700000| Untracked 
| 200|0x00000000ac800000, 0x00000000ac900000, 0x00000000ac900000|100%| O|  |TAMS 0x00000000ac900000, 0x00000000ac800000| Untracked 
| 201|0x00000000ac900000, 0x00000000aca00000, 0x00000000aca00000|100%| O|  |TAMS 0x00000000aca00000, 0x00000000ac900000| Untracked 
| 202|0x00000000aca00000, 0x00000000aca00000, 0x00000000acb00000|  0%| F|  |TAMS 0x00000000aca00000, 0x00000000aca00000| Untracked 
| 203|0x00000000acb00000, 0x00000000acc00000, 0x00000000acc00000|100%| O|  |TAMS 0x00000000acc00000, 0x00000000acb00000| Untracked 
| 204|0x00000000acc00000, 0x00000000acd00000, 0x00000000acd00000|100%| O|  |TAMS 0x00000000acd00000, 0x00000000acc00000| Untracked 
| 205|0x00000000acd00000, 0x00000000ace00000, 0x00000000ace00000|100%| O|  |TAMS 0x00000000ace00000, 0x00000000acd00000| Untracked 
| 206|0x00000000ace00000, 0x00000000acf00000, 0x00000000acf00000|100%| O|  |TAMS 0x00000000acf00000, 0x00000000ace00000| Untracked 
| 207|0x00000000acf00000, 0x00000000ad000000, 0x00000000ad000000|100%| O|  |TAMS 0x00000000ad000000, 0x00000000acf00000| Untracked 
| 208|0x00000000ad000000, 0x00000000ad100000, 0x00000000ad100000|100%| O|  |TAMS 0x00000000ad100000, 0x00000000ad000000| Untracked 
| 209|0x00000000ad100000, 0x00000000ad200000, 0x00000000ad200000|100%| O|  |TAMS 0x00000000ad200000, 0x00000000ad100000| Untracked 
| 210|0x00000000ad200000, 0x00000000ad300000, 0x00000000ad300000|100%| O|  |TAMS 0x00000000ad300000, 0x00000000ad200000| Untracked 
| 211|0x00000000ad300000, 0x00000000ad400000, 0x00000000ad400000|100%| O|  |TAMS 0x00000000ad400000, 0x00000000ad300000| Untracked 
| 212|0x00000000ad400000, 0x00000000ad500000, 0x00000000ad500000|100%| O|  |TAMS 0x00000000ad500000, 0x00000000ad400000| Untracked 
| 213|0x00000000ad500000, 0x00000000ad600000, 0x00000000ad600000|100%| O|  |TAMS 0x00000000ad600000, 0x00000000ad500000| Untracked 
| 214|0x00000000ad600000, 0x00000000ad700000, 0x00000000ad700000|100%| O|  |TAMS 0x00000000ad700000, 0x00000000ad600000| Untracked 
| 215|0x00000000ad700000, 0x00000000ad800000, 0x00000000ad800000|100%| O|  |TAMS 0x00000000ad800000, 0x00000000ad700000| Untracked 
| 216|0x00000000ad800000, 0x00000000ad900000, 0x00000000ad900000|100%| O|  |TAMS 0x00000000ad900000, 0x00000000ad800000| Untracked 
| 217|0x00000000ad900000, 0x00000000ada00000, 0x00000000ada00000|100%| O|  |TAMS 0x00000000ada00000, 0x00000000ad900000| Untracked 
| 218|0x00000000ada00000, 0x00000000adb00000, 0x00000000adb00000|100%| O|  |TAMS 0x00000000adb00000, 0x00000000ada00000| Untracked 
| 219|0x00000000adb00000, 0x00000000adc00000, 0x00000000adc00000|100%| O|  |TAMS 0x00000000adc00000, 0x00000000adb00000| Untracked 
| 220|0x00000000adc00000, 0x00000000add00000, 0x00000000add00000|100%| O|  |TAMS 0x00000000add00000, 0x00000000adc00000| Untracked 
| 221|0x00000000add00000, 0x00000000ade00000, 0x00000000ade00000|100%| O|  |TAMS 0x00000000ade00000, 0x00000000add00000| Untracked 
| 222|0x00000000ade00000, 0x00000000adf00000, 0x00000000adf00000|100%| O|  |TAMS 0x00000000adf00000, 0x00000000ade00000| Untracked 
| 223|0x00000000adf00000, 0x00000000ae000000, 0x00000000ae000000|100%| O|  |TAMS 0x00000000ae000000, 0x00000000adf00000| Untracked 
| 224|0x00000000ae000000, 0x00000000ae100000, 0x00000000ae100000|100%| O|  |TAMS 0x00000000ae100000, 0x00000000ae000000| Untracked 
| 225|0x00000000ae100000, 0x00000000ae200000, 0x00000000ae200000|100%| O|  |TAMS 0x00000000ae200000, 0x00000000ae100000| Untracked 
| 226|0x00000000ae200000, 0x00000000ae300000, 0x00000000ae300000|100%| O|  |TAMS 0x00000000ae300000, 0x00000000ae200000| Untracked 
| 227|0x00000000ae300000, 0x00000000ae400000, 0x00000000ae400000|100%| O|  |TAMS 0x00000000ae400000, 0x00000000ae300000| Untracked 
| 228|0x00000000ae400000, 0x00000000ae500000, 0x00000000ae500000|100%| O|  |TAMS 0x00000000ae500000, 0x00000000ae400000| Untracked 
| 229|0x00000000ae500000, 0x00000000ae600000, 0x00000000ae600000|100%| O|  |TAMS 0x00000000ae600000, 0x00000000ae500000| Untracked 
| 230|0x00000000ae600000, 0x00000000ae700000, 0x00000000ae700000|100%| O|  |TAMS 0x00000000ae700000, 0x00000000ae600000| Untracked 
| 231|0x00000000ae700000, 0x00000000ae800000, 0x00000000ae800000|100%| O|  |TAMS 0x00000000ae800000, 0x00000000ae700000| Untracked 
| 232|0x00000000ae800000, 0x00000000ae900000, 0x00000000ae900000|100%| O|  |TAMS 0x00000000ae900000, 0x00000000ae800000| Untracked 
| 233|0x00000000ae900000, 0x00000000aea00000, 0x00000000aea00000|100%| O|  |TAMS 0x00000000aea00000, 0x00000000ae900000| Untracked 
| 234|0x00000000aea00000, 0x00000000aeb00000, 0x00000000aeb00000|100%| O|  |TAMS 0x00000000aeb00000, 0x00000000aea00000| Untracked 
| 235|0x00000000aeb00000, 0x00000000aec00000, 0x00000000aec00000|100%| O|  |TAMS 0x00000000aec00000, 0x00000000aeb00000| Untracked 
| 236|0x00000000aec00000, 0x00000000aed00000, 0x00000000aed00000|100%| O|  |TAMS 0x00000000aed00000, 0x00000000aec00000| Untracked 
| 237|0x00000000aed00000, 0x00000000aee00000, 0x00000000aee00000|100%| O|  |TAMS 0x00000000aee00000, 0x00000000aed00000| Untracked 
| 238|0x00000000aee00000, 0x00000000aef00000, 0x00000000aef00000|100%| O|  |TAMS 0x00000000aef00000, 0x00000000aee00000| Untracked 
| 239|0x00000000aef00000, 0x00000000af000000, 0x00000000af000000|100%| O|  |TAMS 0x00000000af000000, 0x00000000aef00000| Untracked 
| 240|0x00000000af000000, 0x00000000af100000, 0x00000000af100000|100%| O|  |TAMS 0x00000000af100000, 0x00000000af000000| Untracked 
| 241|0x00000000af100000, 0x00000000af200000, 0x00000000af200000|100%| O|  |TAMS 0x00000000af200000, 0x00000000af100000| Untracked 
| 242|0x00000000af200000, 0x00000000af300000, 0x00000000af300000|100%| O|  |TAMS 0x00000000af300000, 0x00000000af200000| Untracked 
| 243|0x00000000af300000, 0x00000000af400000, 0x00000000af400000|100%| O|  |TAMS 0x00000000af400000, 0x00000000af300000| Untracked 
| 244|0x00000000af400000, 0x00000000af500000, 0x00000000af500000|100%| O|  |TAMS 0x00000000af500000, 0x00000000af400000| Untracked 
| 245|0x00000000af500000, 0x00000000af600000, 0x00000000af600000|100%| O|  |TAMS 0x00000000af600000, 0x00000000af500000| Untracked 
| 246|0x00000000af600000, 0x00000000af700000, 0x00000000af700000|100%| O|  |TAMS 0x00000000af700000, 0x00000000af600000| Untracked 
| 247|0x00000000af700000, 0x00000000af800000, 0x00000000af800000|100%| O|  |TAMS 0x00000000af800000, 0x00000000af700000| Untracked 
| 248|0x00000000af800000, 0x00000000af900000, 0x00000000af900000|100%| O|  |TAMS 0x00000000af900000, 0x00000000af800000| Untracked 
| 249|0x00000000af900000, 0x00000000afa00000, 0x00000000afa00000|100%| O|  |TAMS 0x00000000afa00000, 0x00000000af900000| Untracked 
| 250|0x00000000afa00000, 0x00000000afb00000, 0x00000000afb00000|100%| O|  |TAMS 0x00000000afb00000, 0x00000000afa00000| Untracked 
| 251|0x00000000afb00000, 0x00000000afc00000, 0x00000000afc00000|100%| O|  |TAMS 0x00000000afc00000, 0x00000000afb00000| Untracked 
| 252|0x00000000afc00000, 0x00000000afd00000, 0x00000000afd00000|100%| O|  |TAMS 0x00000000afd00000, 0x00000000afc00000| Untracked 
| 253|0x00000000afd00000, 0x00000000afe00000, 0x00000000afe00000|100%| O|  |TAMS 0x00000000afe00000, 0x00000000afd00000| Untracked 
| 254|0x00000000afe00000, 0x00000000aff00000, 0x00000000aff00000|100%| O|  |TAMS 0x00000000aff00000, 0x00000000afe00000| Untracked 
| 255|0x00000000aff00000, 0x00000000b0000000, 0x00000000b0000000|100%| O|  |TAMS 0x00000000aff2d000, 0x00000000aff00000| Untracked 
| 256|0x00000000b0000000, 0x00000000b0100000, 0x00000000b0100000|100%| O|  |TAMS 0x00000000b0000000, 0x00000000b0000000| Untracked 
| 257|0x00000000b0100000, 0x00000000b0200000, 0x00000000b0200000|100%| O|  |TAMS 0x00000000b0100000, 0x00000000b0100000| Untracked 
| 258|0x00000000b0200000, 0x00000000b0300000, 0x00000000b0300000|100%| O|  |TAMS 0x00000000b0200000, 0x00000000b0200000| Untracked 
| 259|0x00000000b0300000, 0x00000000b0400000, 0x00000000b0400000|100%| O|  |TAMS 0x00000000b0300000, 0x00000000b0300000| Untracked 
| 260|0x00000000b0400000, 0x00000000b0500000, 0x00000000b0500000|100%| O|  |TAMS 0x00000000b0400000, 0x00000000b0400000| Untracked 
| 261|0x00000000b0500000, 0x00000000b0600000, 0x00000000b0600000|100%| O|  |TAMS 0x00000000b0500000, 0x00000000b0500000| Untracked 
| 262|0x00000000b0600000, 0x00000000b0700000, 0x00000000b0700000|100%| O|  |TAMS 0x00000000b0600000, 0x00000000b0600000| Untracked 
| 263|0x00000000b0700000, 0x00000000b0800000, 0x00000000b0800000|100%| O|  |TAMS 0x00000000b0700000, 0x00000000b0700000| Untracked 
| 264|0x00000000b0800000, 0x00000000b0900000, 0x00000000b0900000|100%| O|  |TAMS 0x00000000b0800000, 0x00000000b0800000| Untracked 
| 265|0x00000000b0900000, 0x00000000b0a00000, 0x00000000b0a00000|100%| O|  |TAMS 0x00000000b0900000, 0x00000000b0900000| Untracked 
| 266|0x00000000b0a00000, 0x00000000b0b00000, 0x00000000b0b00000|100%| O|  |TAMS 0x00000000b0a00000, 0x00000000b0a00000| Untracked 
| 267|0x00000000b0b00000, 0x00000000b0c00000, 0x00000000b0c00000|100%| O|  |TAMS 0x00000000b0b00000, 0x00000000b0b00000| Untracked 
| 268|0x00000000b0c00000, 0x00000000b0d00000, 0x00000000b0d00000|100%| O|  |TAMS 0x00000000b0c00000, 0x00000000b0c00000| Untracked 
| 269|0x00000000b0d00000, 0x00000000b0e00000, 0x00000000b0e00000|100%| O|  |TAMS 0x00000000b0d00000, 0x00000000b0d00000| Untracked 
| 270|0x00000000b0e00000, 0x00000000b0f00000, 0x00000000b0f00000|100%| O|  |TAMS 0x00000000b0e00000, 0x00000000b0e00000| Untracked 
| 271|0x00000000b0f00000, 0x00000000b1000000, 0x00000000b1000000|100%| O|  |TAMS 0x00000000b0f00000, 0x00000000b0f00000| Untracked 
| 272|0x00000000b1000000, 0x00000000b1100000, 0x00000000b1100000|100%| O|  |TAMS 0x00000000b1000000, 0x00000000b1000000| Untracked 
| 273|0x00000000b1100000, 0x00000000b1200000, 0x00000000b1200000|100%| O|  |TAMS 0x00000000b1100000, 0x00000000b1100000| Untracked 
| 274|0x00000000b1200000, 0x00000000b1300000, 0x00000000b1300000|100%| O|  |TAMS 0x00000000b1200000, 0x00000000b1200000| Untracked 
| 275|0x00000000b1300000, 0x00000000b1400000, 0x00000000b1400000|100%| O|  |TAMS 0x00000000b1300000, 0x00000000b1300000| Untracked 
| 276|0x00000000b1400000, 0x00000000b1500000, 0x00000000b1500000|100%| O|  |TAMS 0x00000000b1400000, 0x00000000b1400000| Untracked 
| 277|0x00000000b1500000, 0x00000000b1600000, 0x00000000b1600000|100%| O|  |TAMS 0x00000000b1500000, 0x00000000b1500000| Untracked 
| 278|0x00000000b1600000, 0x00000000b1700000, 0x00000000b1700000|100%| O|  |TAMS 0x00000000b1600000, 0x00000000b1600000| Untracked 
| 279|0x00000000b1700000, 0x00000000b1800000, 0x00000000b1800000|100%| O|  |TAMS 0x00000000b1700000, 0x00000000b1700000| Untracked 
| 280|0x00000000b1800000, 0x00000000b1900000, 0x00000000b1900000|100%| O|  |TAMS 0x00000000b1800000, 0x00000000b1800000| Untracked 
| 281|0x00000000b1900000, 0x00000000b1a00000, 0x00000000b1a00000|100%| O|  |TAMS 0x00000000b1900000, 0x00000000b1900000| Untracked 
| 282|0x00000000b1a00000, 0x00000000b1b00000, 0x00000000b1b00000|100%| O|  |TAMS 0x00000000b1a00000, 0x00000000b1a00000| Untracked 
| 283|0x00000000b1b00000, 0x00000000b1c00000, 0x00000000b1c00000|100%| O|  |TAMS 0x00000000b1b00000, 0x00000000b1b00000| Untracked 
| 284|0x00000000b1c00000, 0x00000000b1d00000, 0x00000000b1d00000|100%| O|  |TAMS 0x00000000b1c00000, 0x00000000b1c00000| Untracked 
| 285|0x00000000b1d00000, 0x00000000b1e00000, 0x00000000b1e00000|100%| O|  |TAMS 0x00000000b1d00000, 0x00000000b1d00000| Untracked 
| 286|0x00000000b1e00000, 0x00000000b1f00000, 0x00000000b1f00000|100%| O|  |TAMS 0x00000000b1e00000, 0x00000000b1e00000| Untracked 
| 287|0x00000000b1f00000, 0x00000000b2000000, 0x00000000b2000000|100%| O|  |TAMS 0x00000000b1f00000, 0x00000000b1f00000| Untracked 
| 288|0x00000000b2000000, 0x00000000b2100000, 0x00000000b2100000|100%| O|  |TAMS 0x00000000b2000000, 0x00000000b2000000| Untracked 
| 289|0x00000000b2100000, 0x00000000b2200000, 0x00000000b2200000|100%| O|  |TAMS 0x00000000b2100000, 0x00000000b2100000| Untracked 
| 290|0x00000000b2200000, 0x00000000b2300000, 0x00000000b2300000|100%| O|  |TAMS 0x00000000b2200000, 0x00000000b2200000| Untracked 
| 291|0x00000000b2300000, 0x00000000b2400000, 0x00000000b2400000|100%| O|  |TAMS 0x00000000b2300000, 0x00000000b2300000| Untracked 
| 292|0x00000000b2400000, 0x00000000b2500000, 0x00000000b2500000|100%| O|  |TAMS 0x00000000b2400000, 0x00000000b2400000| Untracked 
| 293|0x00000000b2500000, 0x00000000b2600000, 0x00000000b2600000|100%| O|  |TAMS 0x00000000b2500000, 0x00000000b2500000| Untracked 
| 294|0x00000000b2600000, 0x00000000b2700000, 0x00000000b2700000|100%| O|  |TAMS 0x00000000b2600000, 0x00000000b2600000| Untracked 
| 295|0x00000000b2700000, 0x00000000b2800000, 0x00000000b2800000|100%| O|  |TAMS 0x00000000b2700000, 0x00000000b2700000| Untracked 
| 296|0x00000000b2800000, 0x00000000b2900000, 0x00000000b2900000|100%| O|  |TAMS 0x00000000b2800000, 0x00000000b2800000| Untracked 
| 297|0x00000000b2900000, 0x00000000b2a00000, 0x00000000b2a00000|100%| O|  |TAMS 0x00000000b2900000, 0x00000000b2900000| Untracked 
| 298|0x00000000b2a00000, 0x00000000b2b00000, 0x00000000b2b00000|100%| O|  |TAMS 0x00000000b2a00000, 0x00000000b2a00000| Untracked 
| 299|0x00000000b2b00000, 0x00000000b2c00000, 0x00000000b2c00000|100%| O|  |TAMS 0x00000000b2b00000, 0x00000000b2b00000| Untracked 
| 300|0x00000000b2c00000, 0x00000000b2cc4000, 0x00000000b2d00000| 76%| O|  |TAMS 0x00000000b2c00000, 0x00000000b2c00000| Untracked 
| 301|0x00000000b2d00000, 0x00000000b2d00000, 0x00000000b2e00000|  0%| F|  |TAMS 0x00000000b2d00000, 0x00000000b2d00000| Untracked 
| 302|0x00000000b2e00000, 0x00000000b2e00000, 0x00000000b2f00000|  0%| F|  |TAMS 0x00000000b2e00000, 0x00000000b2e00000| Untracked 
| 303|0x00000000b2f00000, 0x00000000b2f00000, 0x00000000b3000000|  0%| F|  |TAMS 0x00000000b2f00000, 0x00000000b2f00000| Untracked 
| 304|0x00000000b3000000, 0x00000000b3000000, 0x00000000b3100000|  0%| F|  |TAMS 0x00000000b3000000, 0x00000000b3000000| Untracked 
| 305|0x00000000b3100000, 0x00000000b3100000, 0x00000000b3200000|  0%| F|  |TAMS 0x00000000b3100000, 0x00000000b3100000| Untracked 
| 306|0x00000000b3200000, 0x00000000b3200000, 0x00000000b3300000|  0%| F|  |TAMS 0x00000000b3200000, 0x00000000b3200000| Untracked 
| 307|0x00000000b3300000, 0x00000000b3300000, 0x00000000b3400000|  0%| F|  |TAMS 0x00000000b3300000, 0x00000000b3300000| Untracked 
| 308|0x00000000b3400000, 0x00000000b3400000, 0x00000000b3500000|  0%| F|  |TAMS 0x00000000b3400000, 0x00000000b3400000| Untracked 
| 309|0x00000000b3500000, 0x00000000b3500000, 0x00000000b3600000|  0%| F|  |TAMS 0x00000000b3500000, 0x00000000b3500000| Untracked 
| 310|0x00000000b3600000, 0x00000000b3600000, 0x00000000b3700000|  0%| F|  |TAMS 0x00000000b3600000, 0x00000000b3600000| Untracked 
| 311|0x00000000b3700000, 0x00000000b3700000, 0x00000000b3800000|  0%| F|  |TAMS 0x00000000b3700000, 0x00000000b3700000| Untracked 
| 312|0x00000000b3800000, 0x00000000b3800000, 0x00000000b3900000|  0%| F|  |TAMS 0x00000000b3800000, 0x00000000b3800000| Untracked 
| 313|0x00000000b3900000, 0x00000000b3900000, 0x00000000b3a00000|  0%| F|  |TAMS 0x00000000b3900000, 0x00000000b3900000| Untracked 
| 314|0x00000000b3a00000, 0x00000000b3a00000, 0x00000000b3b00000|  0%| F|  |TAMS 0x00000000b3a00000, 0x00000000b3a00000| Untracked 
| 315|0x00000000b3b00000, 0x00000000b3b00000, 0x00000000b3c00000|  0%| F|  |TAMS 0x00000000b3b00000, 0x00000000b3b00000| Untracked 
| 316|0x00000000b3c00000, 0x00000000b3c00000, 0x00000000b3d00000|  0%| F|  |TAMS 0x00000000b3c00000, 0x00000000b3c00000| Untracked 
| 317|0x00000000b3d00000, 0x00000000b3d00000, 0x00000000b3e00000|  0%| F|  |TAMS 0x00000000b3d00000, 0x00000000b3d00000| Untracked 
| 318|0x00000000b3e00000, 0x00000000b3e00000, 0x00000000b3f00000|  0%| F|  |TAMS 0x00000000b3e00000, 0x00000000b3e00000| Untracked 
| 319|0x00000000b3f00000, 0x00000000b3f00000, 0x00000000b4000000|  0%| F|  |TAMS 0x00000000b3f00000, 0x00000000b3f00000| Untracked 
| 320|0x00000000b4000000, 0x00000000b4000000, 0x00000000b4100000|  0%| F|  |TAMS 0x00000000b4000000, 0x00000000b4000000| Untracked 
| 321|0x00000000b4100000, 0x00000000b4100000, 0x00000000b4200000|  0%| F|  |TAMS 0x00000000b4100000, 0x00000000b4100000| Untracked 
| 322|0x00000000b4200000, 0x00000000b4200000, 0x00000000b4300000|  0%| F|  |TAMS 0x00000000b4200000, 0x00000000b4200000| Untracked 
| 323|0x00000000b4300000, 0x00000000b4300000, 0x00000000b4400000|  0%| F|  |TAMS 0x00000000b4300000, 0x00000000b4300000| Untracked 
| 324|0x00000000b4400000, 0x00000000b4400000, 0x00000000b4500000|  0%| F|  |TAMS 0x00000000b4400000, 0x00000000b4400000| Untracked 
| 325|0x00000000b4500000, 0x00000000b4500000, 0x00000000b4600000|  0%| F|  |TAMS 0x00000000b4500000, 0x00000000b4500000| Untracked 
| 326|0x00000000b4600000, 0x00000000b4600000, 0x00000000b4700000|  0%| F|  |TAMS 0x00000000b4600000, 0x00000000b4600000| Untracked 
| 327|0x00000000b4700000, 0x00000000b4700000, 0x00000000b4800000|  0%| F|  |TAMS 0x00000000b4700000, 0x00000000b4700000| Untracked 
| 328|0x00000000b4800000, 0x00000000b4800000, 0x00000000b4900000|  0%| F|  |TAMS 0x00000000b4800000, 0x00000000b4800000| Untracked 
| 329|0x00000000b4900000, 0x00000000b4900000, 0x00000000b4a00000|  0%| F|  |TAMS 0x00000000b4900000, 0x00000000b4900000| Untracked 
| 330|0x00000000b4a00000, 0x00000000b4a00000, 0x00000000b4b00000|  0%| F|  |TAMS 0x00000000b4a00000, 0x00000000b4a00000| Untracked 
| 331|0x00000000b4b00000, 0x00000000b4b00000, 0x00000000b4c00000|  0%| F|  |TAMS 0x00000000b4b00000, 0x00000000b4b00000| Untracked 
| 332|0x00000000b4c00000, 0x00000000b4c00000, 0x00000000b4d00000|  0%| F|  |TAMS 0x00000000b4c00000, 0x00000000b4c00000| Untracked 
| 333|0x00000000b4d00000, 0x00000000b4d00000, 0x00000000b4e00000|  0%| F|  |TAMS 0x00000000b4d00000, 0x00000000b4d00000| Untracked 
| 334|0x00000000b4e00000, 0x00000000b4e00000, 0x00000000b4f00000|  0%| F|  |TAMS 0x00000000b4e00000, 0x00000000b4e00000| Untracked 
| 335|0x00000000b4f00000, 0x00000000b4f00000, 0x00000000b5000000|  0%| F|  |TAMS 0x00000000b4f00000, 0x00000000b4f00000| Untracked 
| 336|0x00000000b5000000, 0x00000000b5000000, 0x00000000b5100000|  0%| F|  |TAMS 0x00000000b5000000, 0x00000000b5000000| Untracked 
| 337|0x00000000b5100000, 0x00000000b5100000, 0x00000000b5200000|  0%| F|  |TAMS 0x00000000b5100000, 0x00000000b5100000| Untracked 
| 338|0x00000000b5200000, 0x00000000b5200000, 0x00000000b5300000|  0%| F|  |TAMS 0x00000000b5200000, 0x00000000b5200000| Untracked 
| 339|0x00000000b5300000, 0x00000000b5300000, 0x00000000b5400000|  0%| F|  |TAMS 0x00000000b5300000, 0x00000000b5300000| Untracked 
| 340|0x00000000b5400000, 0x00000000b5400000, 0x00000000b5500000|  0%| F|  |TAMS 0x00000000b5400000, 0x00000000b5400000| Untracked 
| 341|0x00000000b5500000, 0x00000000b5500000, 0x00000000b5600000|  0%| F|  |TAMS 0x00000000b5500000, 0x00000000b5500000| Untracked 
| 342|0x00000000b5600000, 0x00000000b5600000, 0x00000000b5700000|  0%| F|  |TAMS 0x00000000b5600000, 0x00000000b5600000| Untracked 
| 343|0x00000000b5700000, 0x00000000b5700000, 0x00000000b5800000|  0%| F|  |TAMS 0x00000000b5700000, 0x00000000b5700000| Untracked 
| 344|0x00000000b5800000, 0x00000000b5800000, 0x00000000b5900000|  0%| F|  |TAMS 0x00000000b5800000, 0x00000000b5800000| Untracked 
| 345|0x00000000b5900000, 0x00000000b5900000, 0x00000000b5a00000|  0%| F|  |TAMS 0x00000000b5900000, 0x00000000b5900000| Untracked 
| 346|0x00000000b5a00000, 0x00000000b5a00000, 0x00000000b5b00000|  0%| F|  |TAMS 0x00000000b5a00000, 0x00000000b5a00000| Untracked 
| 347|0x00000000b5b00000, 0x00000000b5b00000, 0x00000000b5c00000|  0%| F|  |TAMS 0x00000000b5b00000, 0x00000000b5b00000| Untracked 
| 348|0x00000000b5c00000, 0x00000000b5c00000, 0x00000000b5d00000|  0%| F|  |TAMS 0x00000000b5c00000, 0x00000000b5c00000| Untracked 
| 349|0x00000000b5d00000, 0x00000000b5d00000, 0x00000000b5e00000|  0%| F|  |TAMS 0x00000000b5d00000, 0x00000000b5d00000| Untracked 
| 350|0x00000000b5e00000, 0x00000000b5e00000, 0x00000000b5f00000|  0%| F|  |TAMS 0x00000000b5e00000, 0x00000000b5e00000| Untracked 
| 351|0x00000000b5f00000, 0x00000000b5f00000, 0x00000000b6000000|  0%| F|  |TAMS 0x00000000b5f00000, 0x00000000b5f00000| Untracked 
| 352|0x00000000b6000000, 0x00000000b6000000, 0x00000000b6100000|  0%| F|  |TAMS 0x00000000b6000000, 0x00000000b6000000| Untracked 
| 353|0x00000000b6100000, 0x00000000b6100000, 0x00000000b6200000|  0%| F|  |TAMS 0x00000000b6100000, 0x00000000b6100000| Untracked 
| 354|0x00000000b6200000, 0x00000000b6200000, 0x00000000b6300000|  0%| F|  |TAMS 0x00000000b6200000, 0x00000000b6200000| Untracked 
| 355|0x00000000b6300000, 0x00000000b6300000, 0x00000000b6400000|  0%| F|  |TAMS 0x00000000b6300000, 0x00000000b6300000| Untracked 
| 356|0x00000000b6400000, 0x00000000b6400000, 0x00000000b6500000|  0%| F|  |TAMS 0x00000000b6400000, 0x00000000b6400000| Untracked 
| 357|0x00000000b6500000, 0x00000000b6500000, 0x00000000b6600000|  0%| F|  |TAMS 0x00000000b6500000, 0x00000000b6500000| Untracked 
| 358|0x00000000b6600000, 0x00000000b6600000, 0x00000000b6700000|  0%| F|  |TAMS 0x00000000b6600000, 0x00000000b6600000| Untracked 
| 359|0x00000000b6700000, 0x00000000b6700000, 0x00000000b6800000|  0%| F|  |TAMS 0x00000000b6700000, 0x00000000b6700000| Untracked 
| 360|0x00000000b6800000, 0x00000000b6800000, 0x00000000b6900000|  0%| F|  |TAMS 0x00000000b6800000, 0x00000000b6800000| Untracked 
| 361|0x00000000b6900000, 0x00000000b6900000, 0x00000000b6a00000|  0%| F|  |TAMS 0x00000000b6900000, 0x00000000b6900000| Untracked 
| 362|0x00000000b6a00000, 0x00000000b6a00000, 0x00000000b6b00000|  0%| F|  |TAMS 0x00000000b6a00000, 0x00000000b6a00000| Untracked 
| 363|0x00000000b6b00000, 0x00000000b6b00000, 0x00000000b6c00000|  0%| F|  |TAMS 0x00000000b6b00000, 0x00000000b6b00000| Untracked 
| 364|0x00000000b6c00000, 0x00000000b6c00000, 0x00000000b6d00000|  0%| F|  |TAMS 0x00000000b6c00000, 0x00000000b6c00000| Untracked 
| 365|0x00000000b6d00000, 0x00000000b6d00000, 0x00000000b6e00000|  0%| F|  |TAMS 0x00000000b6d00000, 0x00000000b6d00000| Untracked 
| 366|0x00000000b6e00000, 0x00000000b6e00000, 0x00000000b6f00000|  0%| F|  |TAMS 0x00000000b6e00000, 0x00000000b6e00000| Untracked 
| 367|0x00000000b6f00000, 0x00000000b6f00000, 0x00000000b7000000|  0%| F|  |TAMS 0x00000000b6f00000, 0x00000000b6f00000| Untracked 
| 368|0x00000000b7000000, 0x00000000b7000000, 0x00000000b7100000|  0%| F|  |TAMS 0x00000000b7000000, 0x00000000b7000000| Untracked 
| 369|0x00000000b7100000, 0x00000000b7100000, 0x00000000b7200000|  0%| F|  |TAMS 0x00000000b7100000, 0x00000000b7100000| Untracked 
| 370|0x00000000b7200000, 0x00000000b7200000, 0x00000000b7300000|  0%| F|  |TAMS 0x00000000b7200000, 0x00000000b7200000| Untracked 
| 371|0x00000000b7300000, 0x00000000b7300000, 0x00000000b7400000|  0%| F|  |TAMS 0x00000000b7300000, 0x00000000b7300000| Untracked 
| 372|0x00000000b7400000, 0x00000000b7400000, 0x00000000b7500000|  0%| F|  |TAMS 0x00000000b7400000, 0x00000000b7400000| Untracked 
| 373|0x00000000b7500000, 0x00000000b7500000, 0x00000000b7600000|  0%| F|  |TAMS 0x00000000b7500000, 0x00000000b7500000| Untracked 
| 374|0x00000000b7600000, 0x00000000b7600000, 0x00000000b7700000|  0%| F|  |TAMS 0x00000000b7600000, 0x00000000b7600000| Untracked 
| 375|0x00000000b7700000, 0x00000000b7700000, 0x00000000b7800000|  0%| F|  |TAMS 0x00000000b7700000, 0x00000000b7700000| Untracked 
| 376|0x00000000b7800000, 0x00000000b7800000, 0x00000000b7900000|  0%| F|  |TAMS 0x00000000b7800000, 0x00000000b7800000| Untracked 
| 377|0x00000000b7900000, 0x00000000b7900000, 0x00000000b7a00000|  0%| F|  |TAMS 0x00000000b7900000, 0x00000000b7900000| Untracked 
| 378|0x00000000b7a00000, 0x00000000b7a00000, 0x00000000b7b00000|  0%| F|  |TAMS 0x00000000b7a00000, 0x00000000b7a00000| Untracked 
| 379|0x00000000b7b00000, 0x00000000b7b00000, 0x00000000b7c00000|  0%| F|  |TAMS 0x00000000b7b00000, 0x00000000b7b00000| Untracked 
| 380|0x00000000b7c00000, 0x00000000b7c00000, 0x00000000b7d00000|  0%| F|  |TAMS 0x00000000b7c00000, 0x00000000b7c00000| Untracked 
| 381|0x00000000b7d00000, 0x00000000b7d00000, 0x00000000b7e00000|  0%| F|  |TAMS 0x00000000b7d00000, 0x00000000b7d00000| Untracked 
| 382|0x00000000b7e00000, 0x00000000b7e00000, 0x00000000b7f00000|  0%| F|  |TAMS 0x00000000b7e00000, 0x00000000b7e00000| Untracked 
| 383|0x00000000b7f00000, 0x00000000b7f00000, 0x00000000b8000000|  0%| F|  |TAMS 0x00000000b7f00000, 0x00000000b7f00000| Untracked 
| 384|0x00000000b8000000, 0x00000000b8000000, 0x00000000b8100000|  0%| F|  |TAMS 0x00000000b8000000, 0x00000000b8000000| Untracked 
| 385|0x00000000b8100000, 0x00000000b8100000, 0x00000000b8200000|  0%| F|  |TAMS 0x00000000b8100000, 0x00000000b8100000| Untracked 
| 386|0x00000000b8200000, 0x00000000b8200000, 0x00000000b8300000|  0%| F|  |TAMS 0x00000000b8200000, 0x00000000b8200000| Untracked 
| 387|0x00000000b8300000, 0x00000000b8300000, 0x00000000b8400000|  0%| F|  |TAMS 0x00000000b8300000, 0x00000000b8300000| Untracked 
| 388|0x00000000b8400000, 0x00000000b8400000, 0x00000000b8500000|  0%| F|  |TAMS 0x00000000b8400000, 0x00000000b8400000| Untracked 
| 389|0x00000000b8500000, 0x00000000b85d5e80, 0x00000000b8600000| 83%| S|CS|TAMS 0x00000000b8500000, 0x00000000b8500000| Complete 
| 390|0x00000000b8600000, 0x00000000b8700000, 0x00000000b8700000|100%| S|CS|TAMS 0x00000000b8600000, 0x00000000b8600000| Complete 
| 391|0x00000000b8700000, 0x00000000b8800000, 0x00000000b8800000|100%| S|CS|TAMS 0x00000000b8700000, 0x00000000b8700000| Complete 
| 392|0x00000000b8800000, 0x00000000b8900000, 0x00000000b8900000|100%| S|CS|TAMS 0x00000000b8800000, 0x00000000b8800000| Complete 
| 393|0x00000000b8900000, 0x00000000b8a00000, 0x00000000b8a00000|100%| S|CS|TAMS 0x00000000b8900000, 0x00000000b8900000| Complete 
| 394|0x00000000b8a00000, 0x00000000b8b00000, 0x00000000b8b00000|100%| S|CS|TAMS 0x00000000b8a00000, 0x00000000b8a00000| Complete 
| 395|0x00000000b8b00000, 0x00000000b8c00000, 0x00000000b8c00000|100%| S|CS|TAMS 0x00000000b8b00000, 0x00000000b8b00000| Complete 
| 396|0x00000000b8c00000, 0x00000000b8c00000, 0x00000000b8d00000|  0%| F|  |TAMS 0x00000000b8c00000, 0x00000000b8c00000| Untracked 
| 397|0x00000000b8d00000, 0x00000000b8d00000, 0x00000000b8e00000|  0%| F|  |TAMS 0x00000000b8d00000, 0x00000000b8d00000| Untracked 
| 398|0x00000000b8e00000, 0x00000000b8e00000, 0x00000000b8f00000|  0%| F|  |TAMS 0x00000000b8e00000, 0x00000000b8e00000| Untracked 
| 399|0x00000000b8f00000, 0x00000000b8f00000, 0x00000000b9000000|  0%| F|  |TAMS 0x00000000b8f00000, 0x00000000b8f00000| Untracked 
| 400|0x00000000b9000000, 0x00000000b9000000, 0x00000000b9100000|  0%| F|  |TAMS 0x00000000b9000000, 0x00000000b9000000| Untracked 
| 401|0x00000000b9100000, 0x00000000b9100000, 0x00000000b9200000|  0%| F|  |TAMS 0x00000000b9100000, 0x00000000b9100000| Untracked 
| 402|0x00000000b9200000, 0x00000000b9200000, 0x00000000b9300000|  0%| F|  |TAMS 0x00000000b9200000, 0x00000000b9200000| Untracked 
| 403|0x00000000b9300000, 0x00000000b9300000, 0x00000000b9400000|  0%| F|  |TAMS 0x00000000b9300000, 0x00000000b9300000| Untracked 
| 404|0x00000000b9400000, 0x00000000b9400000, 0x00000000b9500000|  0%| F|  |TAMS 0x00000000b9400000, 0x00000000b9400000| Untracked 
| 405|0x00000000b9500000, 0x00000000b9500000, 0x00000000b9600000|  0%| F|  |TAMS 0x00000000b9500000, 0x00000000b9500000| Untracked 
| 406|0x00000000b9600000, 0x00000000b9600000, 0x00000000b9700000|  0%| F|  |TAMS 0x00000000b9600000, 0x00000000b9600000| Untracked 
| 407|0x00000000b9700000, 0x00000000b9700000, 0x00000000b9800000|  0%| F|  |TAMS 0x00000000b9700000, 0x00000000b9700000| Untracked 
| 408|0x00000000b9800000, 0x00000000b9800000, 0x00000000b9900000|  0%| F|  |TAMS 0x00000000b9800000, 0x00000000b9800000| Untracked 
| 409|0x00000000b9900000, 0x00000000b9900000, 0x00000000b9a00000|  0%| F|  |TAMS 0x00000000b9900000, 0x00000000b9900000| Untracked 
| 410|0x00000000b9a00000, 0x00000000b9a00000, 0x00000000b9b00000|  0%| F|  |TAMS 0x00000000b9a00000, 0x00000000b9a00000| Untracked 
| 411|0x00000000b9b00000, 0x00000000b9b00000, 0x00000000b9c00000|  0%| F|  |TAMS 0x00000000b9b00000, 0x00000000b9b00000| Untracked 
| 412|0x00000000b9c00000, 0x00000000b9c00000, 0x00000000b9d00000|  0%| F|  |TAMS 0x00000000b9c00000, 0x00000000b9c00000| Untracked 
| 413|0x00000000b9d00000, 0x00000000b9d00000, 0x00000000b9e00000|  0%| F|  |TAMS 0x00000000b9d00000, 0x00000000b9d00000| Untracked 
| 414|0x00000000b9e00000, 0x00000000b9e00000, 0x00000000b9f00000|  0%| F|  |TAMS 0x00000000b9e00000, 0x00000000b9e00000| Untracked 
| 415|0x00000000b9f00000, 0x00000000b9f00000, 0x00000000ba000000|  0%| F|  |TAMS 0x00000000b9f00000, 0x00000000b9f00000| Untracked 
| 416|0x00000000ba000000, 0x00000000ba000000, 0x00000000ba100000|  0%| F|  |TAMS 0x00000000ba000000, 0x00000000ba000000| Untracked 
| 417|0x00000000ba100000, 0x00000000ba100000, 0x00000000ba200000|  0%| F|  |TAMS 0x00000000ba100000, 0x00000000ba100000| Untracked 
| 418|0x00000000ba200000, 0x00000000ba200000, 0x00000000ba300000|  0%| F|  |TAMS 0x00000000ba200000, 0x00000000ba200000| Untracked 
| 419|0x00000000ba300000, 0x00000000ba300000, 0x00000000ba400000|  0%| F|  |TAMS 0x00000000ba300000, 0x00000000ba300000| Untracked 
| 420|0x00000000ba400000, 0x00000000ba400000, 0x00000000ba500000|  0%| F|  |TAMS 0x00000000ba400000, 0x00000000ba400000| Untracked 
| 421|0x00000000ba500000, 0x00000000ba500000, 0x00000000ba600000|  0%| F|  |TAMS 0x00000000ba500000, 0x00000000ba500000| Untracked 
| 422|0x00000000ba600000, 0x00000000ba600000, 0x00000000ba700000|  0%| F|  |TAMS 0x00000000ba600000, 0x00000000ba600000| Untracked 
| 423|0x00000000ba700000, 0x00000000ba700000, 0x00000000ba800000|  0%| F|  |TAMS 0x00000000ba700000, 0x00000000ba700000| Untracked 
| 424|0x00000000ba800000, 0x00000000ba800000, 0x00000000ba900000|  0%| F|  |TAMS 0x00000000ba800000, 0x00000000ba800000| Untracked 
| 425|0x00000000ba900000, 0x00000000ba900000, 0x00000000baa00000|  0%| F|  |TAMS 0x00000000ba900000, 0x00000000ba900000| Untracked 
| 426|0x00000000baa00000, 0x00000000baa00000, 0x00000000bab00000|  0%| F|  |TAMS 0x00000000baa00000, 0x00000000baa00000| Untracked 
| 427|0x00000000bab00000, 0x00000000bab00000, 0x00000000bac00000|  0%| F|  |TAMS 0x00000000bab00000, 0x00000000bab00000| Untracked 
| 428|0x00000000bac00000, 0x00000000bac00000, 0x00000000bad00000|  0%| F|  |TAMS 0x00000000bac00000, 0x00000000bac00000| Untracked 
| 429|0x00000000bad00000, 0x00000000bad00000, 0x00000000bae00000|  0%| F|  |TAMS 0x00000000bad00000, 0x00000000bad00000| Untracked 
| 430|0x00000000bae00000, 0x00000000bae00000, 0x00000000baf00000|  0%| F|  |TAMS 0x00000000bae00000, 0x00000000bae00000| Untracked 
| 431|0x00000000baf00000, 0x00000000baf00000, 0x00000000bb000000|  0%| F|  |TAMS 0x00000000baf00000, 0x00000000baf00000| Untracked 
| 432|0x00000000bb000000, 0x00000000bb000000, 0x00000000bb100000|  0%| F|  |TAMS 0x00000000bb000000, 0x00000000bb000000| Untracked 
| 433|0x00000000bb100000, 0x00000000bb100000, 0x00000000bb200000|  0%| F|  |TAMS 0x00000000bb100000, 0x00000000bb100000| Untracked 
| 434|0x00000000bb200000, 0x00000000bb200000, 0x00000000bb300000|  0%| F|  |TAMS 0x00000000bb200000, 0x00000000bb200000| Untracked 
| 435|0x00000000bb300000, 0x00000000bb300000, 0x00000000bb400000|  0%| F|  |TAMS 0x00000000bb300000, 0x00000000bb300000| Untracked 
| 436|0x00000000bb400000, 0x00000000bb400000, 0x00000000bb500000|  0%| F|  |TAMS 0x00000000bb400000, 0x00000000bb400000| Untracked 
| 437|0x00000000bb500000, 0x00000000bb500000, 0x00000000bb600000|  0%| F|  |TAMS 0x00000000bb500000, 0x00000000bb500000| Untracked 
| 438|0x00000000bb600000, 0x00000000bb600000, 0x00000000bb700000|  0%| F|  |TAMS 0x00000000bb600000, 0x00000000bb600000| Untracked 
| 439|0x00000000bb700000, 0x00000000bb700000, 0x00000000bb800000|  0%| F|  |TAMS 0x00000000bb700000, 0x00000000bb700000| Untracked 
| 440|0x00000000bb800000, 0x00000000bb800000, 0x00000000bb900000|  0%| F|  |TAMS 0x00000000bb800000, 0x00000000bb800000| Untracked 
| 441|0x00000000bb900000, 0x00000000bb900000, 0x00000000bba00000|  0%| F|  |TAMS 0x00000000bb900000, 0x00000000bb900000| Untracked 
| 442|0x00000000bba00000, 0x00000000bba00000, 0x00000000bbb00000|  0%| F|  |TAMS 0x00000000bba00000, 0x00000000bba00000| Untracked 
| 443|0x00000000bbb00000, 0x00000000bbb00000, 0x00000000bbc00000|  0%| F|  |TAMS 0x00000000bbb00000, 0x00000000bbb00000| Untracked 
| 444|0x00000000bbc00000, 0x00000000bbc00000, 0x00000000bbd00000|  0%| F|  |TAMS 0x00000000bbc00000, 0x00000000bbc00000| Untracked 
| 445|0x00000000bbd00000, 0x00000000bbd00000, 0x00000000bbe00000|  0%| F|  |TAMS 0x00000000bbd00000, 0x00000000bbd00000| Untracked 
| 446|0x00000000bbe00000, 0x00000000bbe00000, 0x00000000bbf00000|  0%| F|  |TAMS 0x00000000bbe00000, 0x00000000bbe00000| Untracked 
| 447|0x00000000bbf00000, 0x00000000bbf00000, 0x00000000bc000000|  0%| F|  |TAMS 0x00000000bbf00000, 0x00000000bbf00000| Untracked 
| 448|0x00000000bc000000, 0x00000000bc000000, 0x00000000bc100000|  0%| F|  |TAMS 0x00000000bc000000, 0x00000000bc000000| Untracked 
| 449|0x00000000bc100000, 0x00000000bc100000, 0x00000000bc200000|  0%| F|  |TAMS 0x00000000bc100000, 0x00000000bc100000| Untracked 
| 450|0x00000000bc200000, 0x00000000bc200000, 0x00000000bc300000|  0%| F|  |TAMS 0x00000000bc200000, 0x00000000bc200000| Untracked 
| 451|0x00000000bc300000, 0x00000000bc300000, 0x00000000bc400000|  0%| F|  |TAMS 0x00000000bc300000, 0x00000000bc300000| Untracked 
| 452|0x00000000bc400000, 0x00000000bc400000, 0x00000000bc500000|  0%| F|  |TAMS 0x00000000bc400000, 0x00000000bc400000| Untracked 
| 453|0x00000000bc500000, 0x00000000bc500000, 0x00000000bc600000|  0%| F|  |TAMS 0x00000000bc500000, 0x00000000bc500000| Untracked 
| 454|0x00000000bc600000, 0x00000000bc600000, 0x00000000bc700000|  0%| F|  |TAMS 0x00000000bc600000, 0x00000000bc600000| Untracked 
| 455|0x00000000bc700000, 0x00000000bc700000, 0x00000000bc800000|  0%| F|  |TAMS 0x00000000bc700000, 0x00000000bc700000| Untracked 
| 456|0x00000000bc800000, 0x00000000bc800000, 0x00000000bc900000|  0%| F|  |TAMS 0x00000000bc800000, 0x00000000bc800000| Untracked 
| 457|0x00000000bc900000, 0x00000000bc900000, 0x00000000bca00000|  0%| F|  |TAMS 0x00000000bc900000, 0x00000000bc900000| Untracked 
| 458|0x00000000bca00000, 0x00000000bca00000, 0x00000000bcb00000|  0%| F|  |TAMS 0x00000000bca00000, 0x00000000bca00000| Untracked 
| 459|0x00000000bcb00000, 0x00000000bcb00000, 0x00000000bcc00000|  0%| F|  |TAMS 0x00000000bcb00000, 0x00000000bcb00000| Untracked 
| 460|0x00000000bcc00000, 0x00000000bcc00000, 0x00000000bcd00000|  0%| F|  |TAMS 0x00000000bcc00000, 0x00000000bcc00000| Untracked 
| 461|0x00000000bcd00000, 0x00000000bcd00000, 0x00000000bce00000|  0%| F|  |TAMS 0x00000000bcd00000, 0x00000000bcd00000| Untracked 
| 462|0x00000000bce00000, 0x00000000bce00000, 0x00000000bcf00000|  0%| F|  |TAMS 0x00000000bce00000, 0x00000000bce00000| Untracked 
| 463|0x00000000bcf00000, 0x00000000bcf00000, 0x00000000bd000000|  0%| F|  |TAMS 0x00000000bcf00000, 0x00000000bcf00000| Untracked 
| 464|0x00000000bd000000, 0x00000000bd000000, 0x00000000bd100000|  0%| F|  |TAMS 0x00000000bd000000, 0x00000000bd000000| Untracked 
| 465|0x00000000bd100000, 0x00000000bd100000, 0x00000000bd200000|  0%| F|  |TAMS 0x00000000bd100000, 0x00000000bd100000| Untracked 
| 466|0x00000000bd200000, 0x00000000bd200000, 0x00000000bd300000|  0%| F|  |TAMS 0x00000000bd200000, 0x00000000bd200000| Untracked 
| 467|0x00000000bd300000, 0x00000000bd300000, 0x00000000bd400000|  0%| F|  |TAMS 0x00000000bd300000, 0x00000000bd300000| Untracked 
| 468|0x00000000bd400000, 0x00000000bd400000, 0x00000000bd500000|  0%| F|  |TAMS 0x00000000bd400000, 0x00000000bd400000| Untracked 
| 469|0x00000000bd500000, 0x00000000bd500000, 0x00000000bd600000|  0%| F|  |TAMS 0x00000000bd500000, 0x00000000bd500000| Untracked 
| 470|0x00000000bd600000, 0x00000000bd600000, 0x00000000bd700000|  0%| F|  |TAMS 0x00000000bd600000, 0x00000000bd600000| Untracked 
| 471|0x00000000bd700000, 0x00000000bd700000, 0x00000000bd800000|  0%| F|  |TAMS 0x00000000bd700000, 0x00000000bd700000| Untracked 
| 472|0x00000000bd800000, 0x00000000bd800000, 0x00000000bd900000|  0%| F|  |TAMS 0x00000000bd800000, 0x00000000bd800000| Untracked 
| 473|0x00000000bd900000, 0x00000000bd900000, 0x00000000bda00000|  0%| F|  |TAMS 0x00000000bd900000, 0x00000000bd900000| Untracked 
| 474|0x00000000bda00000, 0x00000000bda00000, 0x00000000bdb00000|  0%| F|  |TAMS 0x00000000bda00000, 0x00000000bda00000| Untracked 
| 475|0x00000000bdb00000, 0x00000000bdb00000, 0x00000000bdc00000|  0%| F|  |TAMS 0x00000000bdb00000, 0x00000000bdb00000| Untracked 
| 476|0x00000000bdc00000, 0x00000000bdc00000, 0x00000000bdd00000|  0%| F|  |TAMS 0x00000000bdc00000, 0x00000000bdc00000| Untracked 
| 477|0x00000000bdd00000, 0x00000000bdd97998, 0x00000000bde00000| 59%| E|  |TAMS 0x00000000bdd00000, 0x00000000bdd00000| Complete 
| 478|0x00000000bde00000, 0x00000000bdf00000, 0x00000000bdf00000|100%| E|CS|TAMS 0x00000000bde00000, 0x00000000bde00000| Complete 
| 479|0x00000000bdf00000, 0x00000000be000000, 0x00000000be000000|100%| E|CS|TAMS 0x00000000bdf00000, 0x00000000bdf00000| Complete 
| 480|0x00000000be000000, 0x00000000be100000, 0x00000000be100000|100%| E|CS|TAMS 0x00000000be000000, 0x00000000be000000| Complete 
| 481|0x00000000be100000, 0x00000000be200000, 0x00000000be200000|100%| E|CS|TAMS 0x00000000be100000, 0x00000000be100000| Complete 
| 482|0x00000000be200000, 0x00000000be300000, 0x00000000be300000|100%| E|CS|TAMS 0x00000000be200000, 0x00000000be200000| Complete 
| 483|0x00000000be300000, 0x00000000be400000, 0x00000000be400000|100%| E|CS|TAMS 0x00000000be300000, 0x00000000be300000| Complete 
| 484|0x00000000be400000, 0x00000000be500000, 0x00000000be500000|100%| E|CS|TAMS 0x00000000be400000, 0x00000000be400000| Complete 
| 485|0x00000000be500000, 0x00000000be600000, 0x00000000be600000|100%| E|CS|TAMS 0x00000000be500000, 0x00000000be500000| Complete 
| 486|0x00000000be600000, 0x00000000be700000, 0x00000000be700000|100%| E|CS|TAMS 0x00000000be600000, 0x00000000be600000| Complete 
| 487|0x00000000be700000, 0x00000000be800000, 0x00000000be800000|100%| E|CS|TAMS 0x00000000be700000, 0x00000000be700000| Complete 
| 488|0x00000000be800000, 0x00000000be900000, 0x00000000be900000|100%| E|CS|TAMS 0x00000000be800000, 0x00000000be800000| Complete 
| 489|0x00000000be900000, 0x00000000bea00000, 0x00000000bea00000|100%| E|CS|TAMS 0x00000000be900000, 0x00000000be900000| Complete 
| 490|0x00000000bea00000, 0x00000000beb00000, 0x00000000beb00000|100%| E|CS|TAMS 0x00000000bea00000, 0x00000000bea00000| Complete 
| 491|0x00000000beb00000, 0x00000000bec00000, 0x00000000bec00000|100%| E|CS|TAMS 0x00000000beb00000, 0x00000000beb00000| Complete 
| 492|0x00000000bec00000, 0x00000000bed00000, 0x00000000bed00000|100%| E|CS|TAMS 0x00000000bec00000, 0x00000000bec00000| Complete 
| 493|0x00000000bed00000, 0x00000000bee00000, 0x00000000bee00000|100%| E|CS|TAMS 0x00000000bed00000, 0x00000000bed00000| Complete 
| 494|0x00000000bee00000, 0x00000000bef00000, 0x00000000bef00000|100%| E|CS|TAMS 0x00000000bee00000, 0x00000000bee00000| Complete 
| 495|0x00000000bef00000, 0x00000000bf000000, 0x00000000bf000000|100%| E|CS|TAMS 0x00000000bef00000, 0x00000000bef00000| Complete 
| 496|0x00000000bf000000, 0x00000000bf100000, 0x00000000bf100000|100%| E|CS|TAMS 0x00000000bf000000, 0x00000000bf000000| Complete 
| 497|0x00000000bf100000, 0x00000000bf200000, 0x00000000bf200000|100%| E|CS|TAMS 0x00000000bf100000, 0x00000000bf100000| Complete 
| 498|0x00000000bf200000, 0x00000000bf300000, 0x00000000bf300000|100%| E|CS|TAMS 0x00000000bf200000, 0x00000000bf200000| Complete 
| 499|0x00000000bf300000, 0x00000000bf400000, 0x00000000bf400000|100%| E|CS|TAMS 0x00000000bf300000, 0x00000000bf300000| Complete 
| 500|0x00000000bf400000, 0x00000000bf500000, 0x00000000bf500000|100%| E|CS|TAMS 0x00000000bf400000, 0x00000000bf400000| Complete 
| 501|0x00000000bf500000, 0x00000000bf600000, 0x00000000bf600000|100%| E|CS|TAMS 0x00000000bf500000, 0x00000000bf500000| Complete 
| 502|0x00000000bf600000, 0x00000000bf700000, 0x00000000bf700000|100%| E|CS|TAMS 0x00000000bf600000, 0x00000000bf600000| Complete 
| 503|0x00000000bf700000, 0x00000000bf800000, 0x00000000bf800000|100%| E|CS|TAMS 0x00000000bf700000, 0x00000000bf700000| Complete 
| 504|0x00000000bf800000, 0x00000000bf900000, 0x00000000bf900000|100%| E|CS|TAMS 0x00000000bf800000, 0x00000000bf800000| Complete 
| 505|0x00000000bf900000, 0x00000000bfa00000, 0x00000000bfa00000|100%| E|CS|TAMS 0x00000000bf900000, 0x00000000bf900000| Complete 
| 506|0x00000000bfa00000, 0x00000000bfb00000, 0x00000000bfb00000|100%| E|CS|TAMS 0x00000000bfa00000, 0x00000000bfa00000| Complete 
| 507|0x00000000bfb00000, 0x00000000bfc00000, 0x00000000bfc00000|100%| E|CS|TAMS 0x00000000bfb00000, 0x00000000bfb00000| Complete 
| 508|0x00000000bfc00000, 0x00000000bfd00000, 0x00000000bfd00000|100%| E|CS|TAMS 0x00000000bfc00000, 0x00000000bfc00000| Complete 
| 509|0x00000000bfd00000, 0x00000000bfe00000, 0x00000000bfe00000|100%| E|CS|TAMS 0x00000000bfd00000, 0x00000000bfd00000| Complete 
| 510|0x00000000bfe00000, 0x00000000bff00000, 0x00000000bff00000|100%| E|CS|TAMS 0x00000000bfe00000, 0x00000000bfe00000| Complete 
| 511|0x00000000bff00000, 0x00000000c0000000, 0x00000000c0000000|100%| E|CS|TAMS 0x00000000bff00000, 0x00000000bff00000| Complete 
| 512|0x00000000c0000000, 0x00000000c0100000, 0x00000000c0100000|100%| E|CS|TAMS 0x00000000c0000000, 0x00000000c0000000| Complete 
| 513|0x00000000c0100000, 0x00000000c0200000, 0x00000000c0200000|100%| E|CS|TAMS 0x00000000c0100000, 0x00000000c0100000| Complete 
| 514|0x00000000c0200000, 0x00000000c0300000, 0x00000000c0300000|100%| E|CS|TAMS 0x00000000c0200000, 0x00000000c0200000| Complete 
| 515|0x00000000c0300000, 0x00000000c0400000, 0x00000000c0400000|100%| E|CS|TAMS 0x00000000c0300000, 0x00000000c0300000| Complete 
| 516|0x00000000c0400000, 0x00000000c0500000, 0x00000000c0500000|100%| E|CS|TAMS 0x00000000c0400000, 0x00000000c0400000| Complete 
| 517|0x00000000c0500000, 0x00000000c0600000, 0x00000000c0600000|100%| E|CS|TAMS 0x00000000c0500000, 0x00000000c0500000| Complete 
| 518|0x00000000c0600000, 0x00000000c0700000, 0x00000000c0700000|100%| E|CS|TAMS 0x00000000c0600000, 0x00000000c0600000| Complete 
| 519|0x00000000c0700000, 0x00000000c0800000, 0x00000000c0800000|100%| E|CS|TAMS 0x00000000c0700000, 0x00000000c0700000| Complete 
| 520|0x00000000c0800000, 0x00000000c0900000, 0x00000000c0900000|100%| E|CS|TAMS 0x00000000c0800000, 0x00000000c0800000| Complete 
| 521|0x00000000c0900000, 0x00000000c0a00000, 0x00000000c0a00000|100%| E|CS|TAMS 0x00000000c0900000, 0x00000000c0900000| Complete 
| 522|0x00000000c0a00000, 0x00000000c0b00000, 0x00000000c0b00000|100%| E|CS|TAMS 0x00000000c0a00000, 0x00000000c0a00000| Complete 
| 523|0x00000000c0b00000, 0x00000000c0c00000, 0x00000000c0c00000|100%| E|CS|TAMS 0x00000000c0b00000, 0x00000000c0b00000| Complete 
| 524|0x00000000c0c00000, 0x00000000c0d00000, 0x00000000c0d00000|100%| E|CS|TAMS 0x00000000c0c00000, 0x00000000c0c00000| Complete 
| 525|0x00000000c0d00000, 0x00000000c0e00000, 0x00000000c0e00000|100%| E|CS|TAMS 0x00000000c0d00000, 0x00000000c0d00000| Complete 
| 526|0x00000000c0e00000, 0x00000000c0f00000, 0x00000000c0f00000|100%| E|CS|TAMS 0x00000000c0e00000, 0x00000000c0e00000| Complete 
| 527|0x00000000c0f00000, 0x00000000c1000000, 0x00000000c1000000|100%| E|CS|TAMS 0x00000000c0f00000, 0x00000000c0f00000| Complete 
| 528|0x00000000c1000000, 0x00000000c1100000, 0x00000000c1100000|100%| E|CS|TAMS 0x00000000c1000000, 0x00000000c1000000| Complete 
| 529|0x00000000c1100000, 0x00000000c1200000, 0x00000000c1200000|100%| E|CS|TAMS 0x00000000c1100000, 0x00000000c1100000| Complete 
| 530|0x00000000c1200000, 0x00000000c1300000, 0x00000000c1300000|100%| E|CS|TAMS 0x00000000c1200000, 0x00000000c1200000| Complete 
| 531|0x00000000c1300000, 0x00000000c1400000, 0x00000000c1400000|100%| E|CS|TAMS 0x00000000c1300000, 0x00000000c1300000| Complete 
| 532|0x00000000c1400000, 0x00000000c1500000, 0x00000000c1500000|100%| E|CS|TAMS 0x00000000c1400000, 0x00000000c1400000| Complete 
| 533|0x00000000c1500000, 0x00000000c1600000, 0x00000000c1600000|100%| E|CS|TAMS 0x00000000c1500000, 0x00000000c1500000| Complete 
| 534|0x00000000c1600000, 0x00000000c1700000, 0x00000000c1700000|100%| E|CS|TAMS 0x00000000c1600000, 0x00000000c1600000| Complete 
| 535|0x00000000c1700000, 0x00000000c1800000, 0x00000000c1800000|100%| E|CS|TAMS 0x00000000c1700000, 0x00000000c1700000| Complete 
| 536|0x00000000c1800000, 0x00000000c1900000, 0x00000000c1900000|100%| E|CS|TAMS 0x00000000c1800000, 0x00000000c1800000| Complete 
| 537|0x00000000c1900000, 0x00000000c1a00000, 0x00000000c1a00000|100%| E|CS|TAMS 0x00000000c1900000, 0x00000000c1900000| Complete 
| 538|0x00000000c1a00000, 0x00000000c1b00000, 0x00000000c1b00000|100%| E|CS|TAMS 0x00000000c1a00000, 0x00000000c1a00000| Complete 
| 539|0x00000000c1b00000, 0x00000000c1c00000, 0x00000000c1c00000|100%| E|CS|TAMS 0x00000000c1b00000, 0x00000000c1b00000| Complete 
| 540|0x00000000c1c00000, 0x00000000c1d00000, 0x00000000c1d00000|100%| E|CS|TAMS 0x00000000c1c00000, 0x00000000c1c00000| Complete 
| 541|0x00000000c1d00000, 0x00000000c1e00000, 0x00000000c1e00000|100%| E|CS|TAMS 0x00000000c1d00000, 0x00000000c1d00000| Complete 
| 542|0x00000000c1e00000, 0x00000000c1f00000, 0x00000000c1f00000|100%| E|CS|TAMS 0x00000000c1e00000, 0x00000000c1e00000| Complete 
| 543|0x00000000c1f00000, 0x00000000c2000000, 0x00000000c2000000|100%| E|CS|TAMS 0x00000000c1f00000, 0x00000000c1f00000| Complete 
| 544|0x00000000c2000000, 0x00000000c2100000, 0x00000000c2100000|100%| E|CS|TAMS 0x00000000c2000000, 0x00000000c2000000| Complete 
| 545|0x00000000c2100000, 0x00000000c2200000, 0x00000000c2200000|100%| E|CS|TAMS 0x00000000c2100000, 0x00000000c2100000| Complete 
| 546|0x00000000c2200000, 0x00000000c2300000, 0x00000000c2300000|100%| E|CS|TAMS 0x00000000c2200000, 0x00000000c2200000| Complete 
| 547|0x00000000c2300000, 0x00000000c2400000, 0x00000000c2400000|100%| E|CS|TAMS 0x00000000c2300000, 0x00000000c2300000| Complete 
| 548|0x00000000c2400000, 0x00000000c2500000, 0x00000000c2500000|100%| E|CS|TAMS 0x00000000c2400000, 0x00000000c2400000| Complete 
| 549|0x00000000c2500000, 0x00000000c2600000, 0x00000000c2600000|100%| E|CS|TAMS 0x00000000c2500000, 0x00000000c2500000| Complete 
| 550|0x00000000c2600000, 0x00000000c2700000, 0x00000000c2700000|100%| E|CS|TAMS 0x00000000c2600000, 0x00000000c2600000| Complete 
| 551|0x00000000c2700000, 0x00000000c2800000, 0x00000000c2800000|100%| E|CS|TAMS 0x00000000c2700000, 0x00000000c2700000| Complete 
| 552|0x00000000c2800000, 0x00000000c2900000, 0x00000000c2900000|100%| E|CS|TAMS 0x00000000c2800000, 0x00000000c2800000| Complete 
| 553|0x00000000c2900000, 0x00000000c2a00000, 0x00000000c2a00000|100%| E|CS|TAMS 0x00000000c2900000, 0x00000000c2900000| Complete 
| 554|0x00000000c2a00000, 0x00000000c2b00000, 0x00000000c2b00000|100%| E|CS|TAMS 0x00000000c2a00000, 0x00000000c2a00000| Complete 
| 555|0x00000000c2b00000, 0x00000000c2c00000, 0x00000000c2c00000|100%| E|CS|TAMS 0x00000000c2b00000, 0x00000000c2b00000| Complete 
| 556|0x00000000c2c00000, 0x00000000c2d00000, 0x00000000c2d00000|100%| E|CS|TAMS 0x00000000c2c00000, 0x00000000c2c00000| Complete 
| 557|0x00000000c2d00000, 0x00000000c2e00000, 0x00000000c2e00000|100%| E|CS|TAMS 0x00000000c2d00000, 0x00000000c2d00000| Complete 
| 558|0x00000000c2e00000, 0x00000000c2f00000, 0x00000000c2f00000|100%| E|CS|TAMS 0x00000000c2e00000, 0x00000000c2e00000| Complete 
| 559|0x00000000c2f00000, 0x00000000c3000000, 0x00000000c3000000|100%| E|CS|TAMS 0x00000000c2f00000, 0x00000000c2f00000| Complete 
| 560|0x00000000c3000000, 0x00000000c3100000, 0x00000000c3100000|100%| E|CS|TAMS 0x00000000c3000000, 0x00000000c3000000| Complete 
| 561|0x00000000c3100000, 0x00000000c3200000, 0x00000000c3200000|100%| E|CS|TAMS 0x00000000c3100000, 0x00000000c3100000| Complete 
| 562|0x00000000c3200000, 0x00000000c3300000, 0x00000000c3300000|100%| E|CS|TAMS 0x00000000c3200000, 0x00000000c3200000| Complete 
| 563|0x00000000c3300000, 0x00000000c3400000, 0x00000000c3400000|100%| E|CS|TAMS 0x00000000c3300000, 0x00000000c3300000| Complete 
| 564|0x00000000c3400000, 0x00000000c3500000, 0x00000000c3500000|100%| E|CS|TAMS 0x00000000c3400000, 0x00000000c3400000| Complete 
| 565|0x00000000c3500000, 0x00000000c3600000, 0x00000000c3600000|100%| E|CS|TAMS 0x00000000c3500000, 0x00000000c3500000| Complete 
| 566|0x00000000c3600000, 0x00000000c3700000, 0x00000000c3700000|100%| E|CS|TAMS 0x00000000c3600000, 0x00000000c3600000| Complete 
| 567|0x00000000c3700000, 0x00000000c3800000, 0x00000000c3800000|100%| E|CS|TAMS 0x00000000c3700000, 0x00000000c3700000| Complete 
| 568|0x00000000c3800000, 0x00000000c3900000, 0x00000000c3900000|100%| E|CS|TAMS 0x00000000c3800000, 0x00000000c3800000| Complete 
| 569|0x00000000c3900000, 0x00000000c3a00000, 0x00000000c3a00000|100%| E|CS|TAMS 0x00000000c3900000, 0x00000000c3900000| Complete 
| 570|0x00000000c3a00000, 0x00000000c3b00000, 0x00000000c3b00000|100%| E|CS|TAMS 0x00000000c3a00000, 0x00000000c3a00000| Complete 
| 571|0x00000000c3b00000, 0x00000000c3c00000, 0x00000000c3c00000|100%| E|CS|TAMS 0x00000000c3b00000, 0x00000000c3b00000| Complete 
| 572|0x00000000c3c00000, 0x00000000c3d00000, 0x00000000c3d00000|100%| E|CS|TAMS 0x00000000c3c00000, 0x00000000c3c00000| Complete 
| 573|0x00000000c3d00000, 0x00000000c3e00000, 0x00000000c3e00000|100%| E|CS|TAMS 0x00000000c3d00000, 0x00000000c3d00000| Complete 
| 574|0x00000000c3e00000, 0x00000000c3f00000, 0x00000000c3f00000|100%| E|CS|TAMS 0x00000000c3e00000, 0x00000000c3e00000| Complete 
| 575|0x00000000c3f00000, 0x00000000c4000000, 0x00000000c4000000|100%| E|CS|TAMS 0x00000000c3f00000, 0x00000000c3f00000| Complete 
| 576|0x00000000c4000000, 0x00000000c4100000, 0x00000000c4100000|100%| E|CS|TAMS 0x00000000c4000000, 0x00000000c4000000| Complete 
| 577|0x00000000c4100000, 0x00000000c4200000, 0x00000000c4200000|100%| E|CS|TAMS 0x00000000c4100000, 0x00000000c4100000| Complete 
| 578|0x00000000c4200000, 0x00000000c4300000, 0x00000000c4300000|100%| E|CS|TAMS 0x00000000c4200000, 0x00000000c4200000| Complete 
| 579|0x00000000c4300000, 0x00000000c4400000, 0x00000000c4400000|100%| E|CS|TAMS 0x00000000c4300000, 0x00000000c4300000| Complete 
| 580|0x00000000c4400000, 0x00000000c4500000, 0x00000000c4500000|100%| E|CS|TAMS 0x00000000c4400000, 0x00000000c4400000| Complete 
| 581|0x00000000c4500000, 0x00000000c4600000, 0x00000000c4600000|100%| E|CS|TAMS 0x00000000c4500000, 0x00000000c4500000| Complete 
| 582|0x00000000c4600000, 0x00000000c4700000, 0x00000000c4700000|100%| E|CS|TAMS 0x00000000c4600000, 0x00000000c4600000| Complete 
| 583|0x00000000c4700000, 0x00000000c4800000, 0x00000000c4800000|100%| E|CS|TAMS 0x00000000c4700000, 0x00000000c4700000| Complete 
| 584|0x00000000c4800000, 0x00000000c4900000, 0x00000000c4900000|100%| E|CS|TAMS 0x00000000c4800000, 0x00000000c4800000| Complete 
| 585|0x00000000c4900000, 0x00000000c4a00000, 0x00000000c4a00000|100%| E|CS|TAMS 0x00000000c4900000, 0x00000000c4900000| Complete 
| 586|0x00000000c4a00000, 0x00000000c4b00000, 0x00000000c4b00000|100%| E|CS|TAMS 0x00000000c4a00000, 0x00000000c4a00000| Complete 
| 587|0x00000000c4b00000, 0x00000000c4c00000, 0x00000000c4c00000|100%| E|CS|TAMS 0x00000000c4b00000, 0x00000000c4b00000| Complete 
| 588|0x00000000c4c00000, 0x00000000c4d00000, 0x00000000c4d00000|100%| E|CS|TAMS 0x00000000c4c00000, 0x00000000c4c00000| Complete 
| 589|0x00000000c4d00000, 0x00000000c4e00000, 0x00000000c4e00000|100%| E|CS|TAMS 0x00000000c4d00000, 0x00000000c4d00000| Complete 
| 590|0x00000000c4e00000, 0x00000000c4f00000, 0x00000000c4f00000|100%| E|CS|TAMS 0x00000000c4e00000, 0x00000000c4e00000| Complete 
| 591|0x00000000c4f00000, 0x00000000c5000000, 0x00000000c5000000|100%| E|CS|TAMS 0x00000000c4f00000, 0x00000000c4f00000| Complete 
| 592|0x00000000c5000000, 0x00000000c5100000, 0x00000000c5100000|100%| E|CS|TAMS 0x00000000c5000000, 0x00000000c5000000| Complete 
| 593|0x00000000c5100000, 0x00000000c5200000, 0x00000000c5200000|100%| E|CS|TAMS 0x00000000c5100000, 0x00000000c5100000| Complete 
| 594|0x00000000c5200000, 0x00000000c5300000, 0x00000000c5300000|100%| E|CS|TAMS 0x00000000c5200000, 0x00000000c5200000| Complete 
| 595|0x00000000c5300000, 0x00000000c5400000, 0x00000000c5400000|100%| E|CS|TAMS 0x00000000c5300000, 0x00000000c5300000| Complete 
| 596|0x00000000c5400000, 0x00000000c5500000, 0x00000000c5500000|100%| E|CS|TAMS 0x00000000c5400000, 0x00000000c5400000| Complete 
| 597|0x00000000c5500000, 0x00000000c5600000, 0x00000000c5600000|100%| E|CS|TAMS 0x00000000c5500000, 0x00000000c5500000| Complete 
| 598|0x00000000c5600000, 0x00000000c5700000, 0x00000000c5700000|100%| E|CS|TAMS 0x00000000c5600000, 0x00000000c5600000| Complete 
| 599|0x00000000c5700000, 0x00000000c5800000, 0x00000000c5800000|100%| E|CS|TAMS 0x00000000c5700000, 0x00000000c5700000| Complete 
| 600|0x00000000c5800000, 0x00000000c5900000, 0x00000000c5900000|100%| E|CS|TAMS 0x00000000c5800000, 0x00000000c5800000| Complete 
| 601|0x00000000c5900000, 0x00000000c5a00000, 0x00000000c5a00000|100%| E|CS|TAMS 0x00000000c5900000, 0x00000000c5900000| Complete 
| 602|0x00000000c5a00000, 0x00000000c5b00000, 0x00000000c5b00000|100%| E|CS|TAMS 0x00000000c5a00000, 0x00000000c5a00000| Complete 
| 603|0x00000000c5b00000, 0x00000000c5c00000, 0x00000000c5c00000|100%| E|CS|TAMS 0x00000000c5b00000, 0x00000000c5b00000| Complete 
| 604|0x00000000c5c00000, 0x00000000c5d00000, 0x00000000c5d00000|100%| E|CS|TAMS 0x00000000c5c00000, 0x00000000c5c00000| Complete 
| 605|0x00000000c5d00000, 0x00000000c5e00000, 0x00000000c5e00000|100%| E|CS|TAMS 0x00000000c5d00000, 0x00000000c5d00000| Complete 
| 606|0x00000000c5e00000, 0x00000000c5f00000, 0x00000000c5f00000|100%| E|CS|TAMS 0x00000000c5e00000, 0x00000000c5e00000| Complete 
| 607|0x00000000c5f00000, 0x00000000c6000000, 0x00000000c6000000|100%| E|CS|TAMS 0x00000000c5f00000, 0x00000000c5f00000| Complete 
| 608|0x00000000c6000000, 0x00000000c6100000, 0x00000000c6100000|100%| E|CS|TAMS 0x00000000c6000000, 0x00000000c6000000| Complete 
| 609|0x00000000c6100000, 0x00000000c6200000, 0x00000000c6200000|100%| E|CS|TAMS 0x00000000c6100000, 0x00000000c6100000| Complete 
| 610|0x00000000c6200000, 0x00000000c6300000, 0x00000000c6300000|100%| E|CS|TAMS 0x00000000c6200000, 0x00000000c6200000| Complete 
| 611|0x00000000c6300000, 0x00000000c6400000, 0x00000000c6400000|100%| E|CS|TAMS 0x00000000c6300000, 0x00000000c6300000| Complete 
| 612|0x00000000c6400000, 0x00000000c6500000, 0x00000000c6500000|100%| E|CS|TAMS 0x00000000c6400000, 0x00000000c6400000| Complete 
| 613|0x00000000c6500000, 0x00000000c6600000, 0x00000000c6600000|100%| E|CS|TAMS 0x00000000c6500000, 0x00000000c6500000| Complete 
| 614|0x00000000c6600000, 0x00000000c6700000, 0x00000000c6700000|100%| E|CS|TAMS 0x00000000c6600000, 0x00000000c6600000| Complete 
| 615|0x00000000c6700000, 0x00000000c6800000, 0x00000000c6800000|100%| E|CS|TAMS 0x00000000c6700000, 0x00000000c6700000| Complete 
| 616|0x00000000c6800000, 0x00000000c6900000, 0x00000000c6900000|100%| E|CS|TAMS 0x00000000c6800000, 0x00000000c6800000| Complete 
| 617|0x00000000c6900000, 0x00000000c6a00000, 0x00000000c6a00000|100%| E|CS|TAMS 0x00000000c6900000, 0x00000000c6900000| Complete 
| 618|0x00000000c6a00000, 0x00000000c6b00000, 0x00000000c6b00000|100%| E|CS|TAMS 0x00000000c6a00000, 0x00000000c6a00000| Complete 
| 619|0x00000000c6b00000, 0x00000000c6c00000, 0x00000000c6c00000|100%| E|CS|TAMS 0x00000000c6b00000, 0x00000000c6b00000| Complete 
| 620|0x00000000c6c00000, 0x00000000c6d00000, 0x00000000c6d00000|100%| E|CS|TAMS 0x00000000c6c00000, 0x00000000c6c00000| Complete 
| 621|0x00000000c6d00000, 0x00000000c6e00000, 0x00000000c6e00000|100%| E|CS|TAMS 0x00000000c6d00000, 0x00000000c6d00000| Complete 
| 622|0x00000000c6e00000, 0x00000000c6f00000, 0x00000000c6f00000|100%| E|CS|TAMS 0x00000000c6e00000, 0x00000000c6e00000| Complete 
| 623|0x00000000c6f00000, 0x00000000c7000000, 0x00000000c7000000|100%| E|CS|TAMS 0x00000000c6f00000, 0x00000000c6f00000| Complete 
| 624|0x00000000c7000000, 0x00000000c7100000, 0x00000000c7100000|100%| E|CS|TAMS 0x00000000c7000000, 0x00000000c7000000| Complete 
| 625|0x00000000c7100000, 0x00000000c7200000, 0x00000000c7200000|100%| E|CS|TAMS 0x00000000c7100000, 0x00000000c7100000| Complete 
| 626|0x00000000c7200000, 0x00000000c7300000, 0x00000000c7300000|100%| E|CS|TAMS 0x00000000c7200000, 0x00000000c7200000| Complete 
| 627|0x00000000c7300000, 0x00000000c7400000, 0x00000000c7400000|100%| E|CS|TAMS 0x00000000c7300000, 0x00000000c7300000| Complete 
| 628|0x00000000c7400000, 0x00000000c7500000, 0x00000000c7500000|100%| E|CS|TAMS 0x00000000c7400000, 0x00000000c7400000| Complete 
| 629|0x00000000c7500000, 0x00000000c7600000, 0x00000000c7600000|100%| E|CS|TAMS 0x00000000c7500000, 0x00000000c7500000| Complete 
| 630|0x00000000c7600000, 0x00000000c7700000, 0x00000000c7700000|100%| E|CS|TAMS 0x00000000c7600000, 0x00000000c7600000| Complete 
| 631|0x00000000c7700000, 0x00000000c7800000, 0x00000000c7800000|100%| E|CS|TAMS 0x00000000c7700000, 0x00000000c7700000| Complete 
| 632|0x00000000c7800000, 0x00000000c7900000, 0x00000000c7900000|100%| E|CS|TAMS 0x00000000c7800000, 0x00000000c7800000| Complete 
| 633|0x00000000c7900000, 0x00000000c7a00000, 0x00000000c7a00000|100%| E|CS|TAMS 0x00000000c7900000, 0x00000000c7900000| Complete 
| 634|0x00000000c7a00000, 0x00000000c7b00000, 0x00000000c7b00000|100%| E|CS|TAMS 0x00000000c7a00000, 0x00000000c7a00000| Complete 
| 635|0x00000000c7b00000, 0x00000000c7c00000, 0x00000000c7c00000|100%| E|CS|TAMS 0x00000000c7b00000, 0x00000000c7b00000| Complete 
| 636|0x00000000c7c00000, 0x00000000c7d00000, 0x00000000c7d00000|100%| E|CS|TAMS 0x00000000c7c00000, 0x00000000c7c00000| Complete 
| 637|0x00000000c7d00000, 0x00000000c7e00000, 0x00000000c7e00000|100%| E|CS|TAMS 0x00000000c7d00000, 0x00000000c7d00000| Complete 
| 638|0x00000000c7e00000, 0x00000000c7f00000, 0x00000000c7f00000|100%| E|CS|TAMS 0x00000000c7e00000, 0x00000000c7e00000| Complete 
| 639|0x00000000c7f00000, 0x00000000c8000000, 0x00000000c8000000|100%| E|CS|TAMS 0x00000000c7f00000, 0x00000000c7f00000| Complete 
| 640|0x00000000c8000000, 0x00000000c8100000, 0x00000000c8100000|100%| E|CS|TAMS 0x00000000c8000000, 0x00000000c8000000| Complete 
| 641|0x00000000c8100000, 0x00000000c8200000, 0x00000000c8200000|100%| E|CS|TAMS 0x00000000c8100000, 0x00000000c8100000| Complete 
| 642|0x00000000c8200000, 0x00000000c8300000, 0x00000000c8300000|100%| E|CS|TAMS 0x00000000c8200000, 0x00000000c8200000| Complete 
| 643|0x00000000c8300000, 0x00000000c8400000, 0x00000000c8400000|100%| E|CS|TAMS 0x00000000c8300000, 0x00000000c8300000| Complete 
| 644|0x00000000c8400000, 0x00000000c8500000, 0x00000000c8500000|100%| E|CS|TAMS 0x00000000c8400000, 0x00000000c8400000| Complete 
| 645|0x00000000c8500000, 0x00000000c8600000, 0x00000000c8600000|100%| E|CS|TAMS 0x00000000c8500000, 0x00000000c8500000| Complete 
| 646|0x00000000c8600000, 0x00000000c8700000, 0x00000000c8700000|100%| E|CS|TAMS 0x00000000c8600000, 0x00000000c8600000| Complete 
| 647|0x00000000c8700000, 0x00000000c8800000, 0x00000000c8800000|100%| E|CS|TAMS 0x00000000c8700000, 0x00000000c8700000| Complete 
| 648|0x00000000c8800000, 0x00000000c8900000, 0x00000000c8900000|100%| E|CS|TAMS 0x00000000c8800000, 0x00000000c8800000| Complete 
| 649|0x00000000c8900000, 0x00000000c8a00000, 0x00000000c8a00000|100%| E|CS|TAMS 0x00000000c8900000, 0x00000000c8900000| Complete 
| 650|0x00000000c8a00000, 0x00000000c8b00000, 0x00000000c8b00000|100%| E|CS|TAMS 0x00000000c8a00000, 0x00000000c8a00000| Complete 
| 651|0x00000000c8b00000, 0x00000000c8c00000, 0x00000000c8c00000|100%| E|CS|TAMS 0x00000000c8b00000, 0x00000000c8b00000| Complete 
| 652|0x00000000c8c00000, 0x00000000c8d00000, 0x00000000c8d00000|100%| E|CS|TAMS 0x00000000c8c00000, 0x00000000c8c00000| Complete 
| 653|0x00000000c8d00000, 0x00000000c8e00000, 0x00000000c8e00000|100%| E|CS|TAMS 0x00000000c8d00000, 0x00000000c8d00000| Complete 
| 654|0x00000000c8e00000, 0x00000000c8f00000, 0x00000000c8f00000|100%| E|CS|TAMS 0x00000000c8e00000, 0x00000000c8e00000| Complete 
| 655|0x00000000c8f00000, 0x00000000c9000000, 0x00000000c9000000|100%| E|CS|TAMS 0x00000000c8f00000, 0x00000000c8f00000| Complete 
| 656|0x00000000c9000000, 0x00000000c9100000, 0x00000000c9100000|100%| E|CS|TAMS 0x00000000c9000000, 0x00000000c9000000| Complete 
| 657|0x00000000c9100000, 0x00000000c9200000, 0x00000000c9200000|100%| E|CS|TAMS 0x00000000c9100000, 0x00000000c9100000| Complete 
| 658|0x00000000c9200000, 0x00000000c9300000, 0x00000000c9300000|100%| E|CS|TAMS 0x00000000c9200000, 0x00000000c9200000| Complete 
| 659|0x00000000c9300000, 0x00000000c9400000, 0x00000000c9400000|100%| E|CS|TAMS 0x00000000c9300000, 0x00000000c9300000| Complete 
| 660|0x00000000c9400000, 0x00000000c9500000, 0x00000000c9500000|100%| E|CS|TAMS 0x00000000c9400000, 0x00000000c9400000| Complete 
| 661|0x00000000c9500000, 0x00000000c9600000, 0x00000000c9600000|100%| E|CS|TAMS 0x00000000c9500000, 0x00000000c9500000| Complete 
| 662|0x00000000c9600000, 0x00000000c9700000, 0x00000000c9700000|100%| E|CS|TAMS 0x00000000c9600000, 0x00000000c9600000| Complete 
| 663|0x00000000c9700000, 0x00000000c9800000, 0x00000000c9800000|100%| E|CS|TAMS 0x00000000c9700000, 0x00000000c9700000| Complete 
| 664|0x00000000c9800000, 0x00000000c9900000, 0x00000000c9900000|100%| E|CS|TAMS 0x00000000c9800000, 0x00000000c9800000| Complete 
| 665|0x00000000c9900000, 0x00000000c9a00000, 0x00000000c9a00000|100%| E|CS|TAMS 0x00000000c9900000, 0x00000000c9900000| Complete 
| 666|0x00000000c9a00000, 0x00000000c9b00000, 0x00000000c9b00000|100%| E|CS|TAMS 0x00000000c9a00000, 0x00000000c9a00000| Complete 
| 667|0x00000000c9b00000, 0x00000000c9c00000, 0x00000000c9c00000|100%| E|CS|TAMS 0x00000000c9b00000, 0x00000000c9b00000| Complete 
| 668|0x00000000c9c00000, 0x00000000c9d00000, 0x00000000c9d00000|100%| E|CS|TAMS 0x00000000c9c00000, 0x00000000c9c00000| Complete 
| 669|0x00000000c9d00000, 0x00000000c9e00000, 0x00000000c9e00000|100%| E|CS|TAMS 0x00000000c9d00000, 0x00000000c9d00000| Complete 

Card table byte_map: [0x00000225c71f0000,0x00000225c74f0000] _byte_map_base: 0x00000225c6cf0000

Marking Bits (Prev, Next): (CMBitMap*) 0x00000225b5508b00, (CMBitMap*) 0x00000225b5508b40
 Prev Bits: [0x00000225c77f0000, 0x00000225c8ff0000)
 Next Bits: [0x00000225c8ff0000, 0x00000225ca7f0000)

Polling page: 0x00000225b5590000

Metaspace:

Usage:
  Non-class:    118.39 MB used.
      Class:     19.07 MB used.
       Both:    137.45 MB used.

Virtual space:
  Non-class space:      128.00 MB reserved,     119.31 MB ( 93%) committed,  2 nodes.
      Class space:      320.00 MB reserved,      19.81 MB (  6%) committed,  1 nodes.
             Both:      448.00 MB reserved,     139.12 MB ( 31%) committed. 

Chunk freelists:
   Non-Class:  8.23 MB
       Class:  12.10 MB
        Both:  20.33 MB

MaxMetaspaceSize: 384.00 MB
CompressedClassSpaceSize: 320.00 MB
Initial GC threshold: 21.00 MB
Current GC threshold: 217.12 MB
CDS: on
MetaspaceReclaimPolicy: balanced
 - commit_granule_bytes: 65536.
 - commit_granule_words: 8192.
 - virtual_space_node_default_size: 8388608.
 - enlarge_chunks_in_place: 1.
 - new_chunks_are_fully_committed: 0.
 - uncommit_free_chunks: 1.
 - use_allocation_guard: 0.
 - handle_deallocations: 1.


Internal statistics:

num_allocs_failed_limit: 6.
num_arena_births: 2434.
num_arena_deaths: 36.
num_vsnodes_births: 3.
num_vsnodes_deaths: 0.
num_space_committed: 2225.
num_space_uncommitted: 0.
num_chunks_returned_to_freelist: 59.
num_chunks_taken_from_freelist: 8923.
num_chunk_merges: 12.
num_chunk_splits: 5683.
num_chunks_enlarged: 3510.
num_inconsistent_stats: 0.

CodeCache: size=131072Kb used=58618Kb max_used=59509Kb free=72453Kb
 bounds [0x00000225be570000, 0x00000225c1fa0000, 0x00000225c6570000]
 total_blobs=21088 nmethods=20024 adapters=974
 compilation: enabled
              stopped_count=0, restarted_count=0
 full_count=0

Compilation events (20 events):
Event: 119.997 Thread 0x00000225cd26b810 nmethod 25893 0x00000225bfd45e10 code [0x00000225bfd45fe0, 0x00000225bfd46378]
Event: 120.007 Thread 0x00000225cd26b810 25896       2       com.android.tools.r8.internal.O9::x (16 bytes)
Event: 120.007 Thread 0x00000225cd26b810 nmethod 25896 0x00000225c194c910 code [0x00000225c194caa0, 0x00000225c194cbb8]
Event: 120.019 Thread 0x00000225cd26b810 25897       2       java.security.MessageDigest$Delegate::clone (51 bytes)
Event: 120.019 Thread 0x00000225cd26b810 nmethod 25897 0x00000225c18e8690 code [0x00000225c18e8860, 0x00000225c18e8cb8]
Event: 120.023 Thread 0x00000225cd26b810 25898       2       com.android.tools.r8.internal.L7::a (5 bytes)
Event: 120.023 Thread 0x00000225cd26b810 nmethod 25898 0x00000225bf18cf10 code [0x00000225bf18d0a0, 0x00000225bf18d1b8]
Event: 120.028 Thread 0x00000225cd26b810 25899       2       com.android.tools.r8.internal.ko0$$Lambda$3570/0x00000225d0304fc0::a (11 bytes)
Event: 120.028 Thread 0x00000225cd26b810 nmethod 25899 0x00000225befe6690 code [0x00000225befe6840, 0x00000225befe69c8]
Event: 120.032 Thread 0x00000225cd255e50 nmethod 25804% 0x00000225c1f54f90 code [0x00000225c1f56160, 0x00000225c1f5f390]
Event: 120.036 Thread 0x00000225cd255e50 25895       4       com.android.tools.r8.ir.optimize.e0::a (510 bytes)
Event: 120.036 Thread 0x00000225cd26b810 25900       2       com.android.tools.r8.internal.BP::a (46 bytes)
Event: 120.038 Thread 0x00000225cd26b810 nmethod 25900 0x00000225bec2f190 code [0x00000225bec2f3c0, 0x00000225bec2f888]
Event: 120.071 Thread 0x00000225cd26b810 25901       3       com.android.tools.r8.internal.Q3::a (84 bytes)
Event: 120.071 Thread 0x00000225cd26b810 nmethod 25901 0x00000225beacf990 code [0x00000225beacfb40, 0x00000225beacfd08]
Event: 120.072 Thread 0x00000225cd26b810 25902       3       com.android.tools.r8.internal.Q3::<init> (30 bytes)
Event: 120.072 Thread 0x00000225cd26b810 nmethod 25902 0x00000225bfb59990 code [0x00000225bfb59ba0, 0x00000225bfb5a628]
Event: 120.083 Thread 0x00000225cd26b810 25904       3       com.android.tools.r8.graph.D5::getHolder (5 bytes)
Event: 120.084 Thread 0x00000225cd26b810 nmethod 25904 0x00000225bfb41c10 code [0x00000225bfb41dc0, 0x00000225bfb41f98]
Event: 120.084 Thread 0x00000225cd26b810 25905       3       com.android.tools.r8.internal.JI::a (371 bytes)

GC Heap History (20 events):
Event: 102.215 GC heap before
{Heap before GC invocations=105 (full 0):
 garbage-first heap   total 321536K, used 279133K [0x00000000a0000000, 0x0000000100000000)
  region size 1024K, 22 young (22528K), 4 survivors (4096K)
 Metaspace       used 127947K, committed 129600K, reserved 458752K
  class space    used 17630K, committed 18368K, reserved 327680K
}
Event: 102.228 GC heap after
{Heap after GC invocations=106 (full 0):
 garbage-first heap   total 321536K, used 264372K [0x00000000a0000000, 0x0000000100000000)
  region size 1024K, 3 young (3072K), 3 survivors (3072K)
 Metaspace       used 127947K, committed 129600K, reserved 458752K
  class space    used 17630K, committed 18368K, reserved 327680K
}
Event: 102.303 GC heap before
{Heap before GC invocations=106 (full 0):
 garbage-first heap   total 321536K, used 279732K [0x00000000a0000000, 0x0000000100000000)
  region size 1024K, 18 young (18432K), 3 survivors (3072K)
 Metaspace       used 128037K, committed 129664K, reserved 458752K
  class space    used 17640K, committed 18368K, reserved 327680K
}
Event: 102.333 GC heap after
{Heap after GC invocations=107 (full 0):
 garbage-first heap   total 571392K, used 267890K [0x00000000a0000000, 0x0000000100000000)
  region size 1024K, 3 young (3072K), 3 survivors (3072K)
 Metaspace       used 128037K, committed 129664K, reserved 458752K
  class space    used 17640K, committed 18368K, reserved 327680K
}
Event: 105.590 GC heap before
{Heap before GC invocations=107 (full 0):
 garbage-first heap   total 686080K, used 423538K [0x00000000a0000000, 0x0000000100000000)
  region size 1024K, 156 young (159744K), 3 survivors (3072K)
 Metaspace       used 133165K, committed 134848K, reserved 458752K
  class space    used 18541K, committed 19328K, reserved 327680K
}
Event: 105.772 GC heap after
{Heap after GC invocations=108 (full 0):
 garbage-first heap   total 686080K, used 289364K [0x00000000a0000000, 0x0000000100000000)
  region size 1024K, 20 young (20480K), 20 survivors (20480K)
 Metaspace       used 133165K, committed 134848K, reserved 458752K
  class space    used 18541K, committed 19328K, reserved 327680K
}
Event: 109.877 GC heap before
{Heap before GC invocations=109 (full 0):
 garbage-first heap   total 686080K, used 503380K [0x00000000a0000000, 0x0000000100000000)
  region size 1024K, 230 young (235520K), 20 survivors (20480K)
 Metaspace       used 138957K, committed 140608K, reserved 458752K
  class space    used 19363K, committed 20096K, reserved 327680K
}
Event: 109.991 GC heap after
{Heap after GC invocations=110 (full 0):
 garbage-first heap   total 686080K, used 306626K [0x00000000a0000000, 0x0000000100000000)
  region size 1024K, 17 young (17408K), 17 survivors (17408K)
 Metaspace       used 138957K, committed 140608K, reserved 458752K
  class space    used 19363K, committed 20096K, reserved 327680K
}
Event: 110.346 GC heap before
{Heap before GC invocations=110 (full 0):
 garbage-first heap   total 686080K, used 321986K [0x00000000a0000000, 0x0000000100000000)
  region size 1024K, 33 young (33792K), 17 survivors (17408K)
 Metaspace       used 139220K, committed 140864K, reserved 458752K
  class space    used 19394K, committed 20160K, reserved 327680K
}
Event: 110.405 GC heap after
{Heap after GC invocations=111 (full 0):
 garbage-first heap   total 686080K, used 305711K [0x00000000a0000000, 0x0000000100000000)
  region size 1024K, 3 young (3072K), 3 survivors (3072K)
 Metaspace       used 139220K, committed 140864K, reserved 458752K
  class space    used 19394K, committed 20160K, reserved 327680K
}
Event: 112.972 GC heap before
{Heap before GC invocations=111 (full 0):
 garbage-first heap   total 686080K, used 513583K [0x00000000a0000000, 0x0000000100000000)
  region size 1024K, 206 young (210944K), 3 survivors (3072K)
 Metaspace       used 139770K, committed 141440K, reserved 458752K
  class space    used 19420K, committed 20160K, reserved 327680K
}
Event: 112.984 GC heap after
{Heap after GC invocations=112 (full 0):
 garbage-first heap   total 686080K, used 304912K [0x00000000a0000000, 0x0000000100000000)
  region size 1024K, 2 young (2048K), 2 survivors (2048K)
 Metaspace       used 139770K, committed 141440K, reserved 458752K
  class space    used 19420K, committed 20160K, reserved 327680K
}
Event: 114.397 GC heap before
{Heap before GC invocations=112 (full 0):
 garbage-first heap   total 686080K, used 539408K [0x00000000a0000000, 0x0000000100000000)
  region size 1024K, 232 young (237568K), 2 survivors (2048K)
 Metaspace       used 139930K, committed 141632K, reserved 458752K
  class space    used 19431K, committed 20160K, reserved 327680K
}
Event: 114.406 GC heap after
{Heap after GC invocations=113 (full 0):
 garbage-first heap   total 686080K, used 305993K [0x00000000a0000000, 0x0000000100000000)
  region size 1024K, 4 young (4096K), 4 survivors (4096K)
 Metaspace       used 139930K, committed 141632K, reserved 458752K
  class space    used 19431K, committed 20160K, reserved 327680K
}
Event: 116.291 GC heap before
{Heap before GC invocations=113 (full 0):
 garbage-first heap   total 686080K, used 563017K [0x00000000a0000000, 0x0000000100000000)
  region size 1024K, 255 young (261120K), 4 survivors (4096K)
 Metaspace       used 140057K, committed 141760K, reserved 458752K
  class space    used 19444K, committed 20224K, reserved 327680K
}
Event: 116.303 GC heap after
{Heap after GC invocations=114 (full 0):
 garbage-first heap   total 686080K, used 306889K [0x00000000a0000000, 0x0000000100000000)
  region size 1024K, 4 young (4096K), 4 survivors (4096K)
 Metaspace       used 140057K, committed 141760K, reserved 458752K
  class space    used 19444K, committed 20224K, reserved 327680K
}
Event: 117.532 GC heap before
{Heap before GC invocations=114 (full 0):
 garbage-first heap   total 686080K, used 575177K [0x00000000a0000000, 0x0000000100000000)
  region size 1024K, 266 young (272384K), 4 survivors (4096K)
 Metaspace       used 140216K, committed 141888K, reserved 458752K
  class space    used 19457K, committed 20224K, reserved 327680K
}
Event: 117.543 GC heap after
{Heap after GC invocations=115 (full 0):
 garbage-first heap   total 686080K, used 308267K [0x00000000a0000000, 0x0000000100000000)
  region size 1024K, 6 young (6144K), 6 survivors (6144K)
 Metaspace       used 140216K, committed 141888K, reserved 458752K
  class space    used 19457K, committed 20224K, reserved 327680K
}
Event: 118.928 GC heap before
{Heap before GC invocations=115 (full 0):
 garbage-first heap   total 686080K, used 582699K [0x00000000a0000000, 0x0000000100000000)
  region size 1024K, 274 young (280576K), 6 survivors (6144K)
 Metaspace       used 140382K, committed 142080K, reserved 458752K
  class space    used 19473K, committed 20224K, reserved 327680K
}
Event: 118.940 GC heap after
{Heap after GC invocations=116 (full 0):
 garbage-first heap   total 686080K, used 309863K [0x00000000a0000000, 0x0000000100000000)
  region size 1024K, 7 young (7168K), 7 survivors (7168K)
 Metaspace       used 140382K, committed 142080K, reserved 458752K
  class space    used 19473K, committed 20224K, reserved 327680K
}

Deoptimization events (20 events):
Event: 119.706 Thread 0x00000225e80c4ab0 DEOPT PACKING pc=0x00000225c178aba0 sp=0x00000054469fb550
Event: 119.706 Thread 0x00000225e80c4ab0 DEOPT UNPACKING pc=0x00000225be5c23a3 sp=0x00000054469fb4d8 mode 2
Event: 119.706 Thread 0x00000225e80c4ab0 Uncommon trap: trap_request=0xffffffde fr.pc=0x00000225c178aba0 relative=0x0000000000000f40
Event: 119.706 Thread 0x00000225e80c4ab0 Uncommon trap: reason=class_check action=maybe_recompile pc=0x00000225c178aba0 method=com.android.tools.r8.graph.K4.a(Ljava/util/function/Predicate;Ljava/util/function/Consumer;Lcom/android/tools/r8/graph/j1;)Lcom/android/tools/r8/internal/gq0; @ 2 c2
Event: 119.706 Thread 0x00000225e80c4ab0 DEOPT PACKING pc=0x00000225c178aba0 sp=0x00000054469fb550
Event: 119.706 Thread 0x00000225e80c4ab0 DEOPT UNPACKING pc=0x00000225be5c23a3 sp=0x00000054469fb4d8 mode 2
Event: 119.706 Thread 0x00000225e80c4ab0 Uncommon trap: trap_request=0xffffffde fr.pc=0x00000225c178aba0 relative=0x0000000000000f40
Event: 119.706 Thread 0x00000225e80c4ab0 Uncommon trap: reason=class_check action=maybe_recompile pc=0x00000225c178aba0 method=com.android.tools.r8.graph.K4.a(Ljava/util/function/Predicate;Ljava/util/function/Consumer;Lcom/android/tools/r8/graph/j1;)Lcom/android/tools/r8/internal/gq0; @ 2 c2
Event: 119.706 Thread 0x00000225e80c4ab0 DEOPT PACKING pc=0x00000225c178aba0 sp=0x00000054469fb550
Event: 119.706 Thread 0x00000225e80c4ab0 DEOPT UNPACKING pc=0x00000225be5c23a3 sp=0x00000054469fb4d8 mode 2
Event: 119.724 Thread 0x00000225e80ca0c0 DEOPT PACKING pc=0x00000225c1ad3cbe sp=0x00000054468f9090
Event: 119.725 Thread 0x00000225e80ca0c0 DEOPT UNPACKING pc=0x00000225be5c2b43 sp=0x00000054468f8910 mode 0
Event: 119.777 Thread 0x00000225e80c54d0 DEOPT PACKING pc=0x00000225c1ad3cbe sp=0x0000005445cf6890
Event: 119.777 Thread 0x00000225e80c54d0 DEOPT UNPACKING pc=0x00000225be5c2b43 sp=0x0000005445cf6110 mode 0
Event: 119.795 Thread 0x00000225e80c54d0 DEOPT PACKING pc=0x00000225c1487abb sp=0x0000005445cf7140
Event: 119.795 Thread 0x00000225e80c54d0 DEOPT UNPACKING pc=0x00000225be5c2b43 sp=0x0000005445cf6a68 mode 0
Event: 119.944 Thread 0x00000225cd8147b0 DEOPT PACKING pc=0x00000225c164f059 sp=0x0000005446ff9d40
Event: 119.944 Thread 0x00000225cd8147b0 DEOPT UNPACKING pc=0x00000225be5c2b43 sp=0x0000005446ff93e0 mode 0
Event: 120.086 Thread 0x00000225cd8147b0 DEOPT PACKING pc=0x00000225c164f033 sp=0x0000005446ff9d40
Event: 120.086 Thread 0x00000225cd8147b0 DEOPT UNPACKING pc=0x00000225be5c2b43 sp=0x0000005446ff93d8 mode 0

Classes unloaded (18 events):
Event: 104.238 Thread 0x00000225cd236d70 Unloading class 0x00000225d01e8800 'java/lang/invoke/LambdaForm$DMH+0x00000225d01e8800'
Event: 104.238 Thread 0x00000225cd236d70 Unloading class 0x00000225d01e8400 'java/lang/invoke/LambdaForm$DMH+0x00000225d01e8400'
Event: 104.238 Thread 0x00000225cd236d70 Unloading class 0x00000225d011c000 'java/lang/invoke/LambdaForm$MH+0x00000225d011c000'
Event: 104.238 Thread 0x00000225cd236d70 Unloading class 0x00000225d011b800 'java/lang/invoke/LambdaForm$MH+0x00000225d011b800'
Event: 104.238 Thread 0x00000225cd236d70 Unloading class 0x00000225d011b400 'java/lang/invoke/LambdaForm$MH+0x00000225d011b400'
Event: 104.238 Thread 0x00000225cd236d70 Unloading class 0x00000225d011a800 'java/lang/invoke/LambdaForm$MH+0x00000225d011a800'
Event: 104.238 Thread 0x00000225cd236d70 Unloading class 0x00000225d011a000 'java/lang/invoke/LambdaForm$MH+0x00000225d011a000'
Event: 104.238 Thread 0x00000225cd236d70 Unloading class 0x00000225d0119800 'java/lang/invoke/LambdaForm$MH+0x00000225d0119800'
Event: 104.238 Thread 0x00000225cd236d70 Unloading class 0x00000225d0119000 'java/lang/invoke/LambdaForm$MH+0x00000225d0119000'
Event: 104.238 Thread 0x00000225cd236d70 Unloading class 0x00000225d0118800 'jdk/internal/reflect/GeneratedSerializationConstructorAccessor132'
Event: 104.238 Thread 0x00000225cd236d70 Unloading class 0x00000225d0118000 'jdk/internal/reflect/GeneratedSerializationConstructorAccessor130'
Event: 104.238 Thread 0x00000225cd236d70 Unloading class 0x00000225d0117800 'jdk/internal/reflect/GeneratedSerializationConstructorAccessor128'
Event: 104.238 Thread 0x00000225cd236d70 Unloading class 0x00000225d0117000 'jdk/internal/reflect/GeneratedSerializationConstructorAccessor126'
Event: 104.238 Thread 0x00000225cd236d70 Unloading class 0x00000225d0116800 'jdk/internal/reflect/GeneratedSerializationConstructorAccessor124'
Event: 104.238 Thread 0x00000225cd236d70 Unloading class 0x00000225d0115800 'jdk/internal/reflect/GeneratedSerializationConstructorAccessor121'
Event: 104.238 Thread 0x00000225cd236d70 Unloading class 0x00000225d0115000 'jdk/internal/reflect/GeneratedSerializationConstructorAccessor120'
Event: 104.238 Thread 0x00000225cd236d70 Unloading class 0x00000225d0114c00 'jdk/internal/reflect/GeneratedSerializationConstructorAccessor118'
Event: 104.238 Thread 0x00000225cd236d70 Unloading class 0x00000225d0114800 'jdk/internal/reflect/GeneratedSerializationConstructorAccessor115'

Classes redefined (0 events):
No events

Internal exceptions (20 events):
Event: 104.973 Thread 0x00000225e80ca0c0 Exception <a 'java/lang/NoSuchMethodError'{0x00000000c9cd0278}: 'java.lang.Object java.lang.invoke.DirectMethodHandle$Holder.invokeStatic(java.lang.Object, int, java.lang.Object, java.lang.Object)'> (0x00000000c9cd0278) 
thrown [s\open\src\hotspot\share\interpreter\linkResolver.cpp, line 759]
Event: 104.974 Thread 0x00000225e80c4ab0 Exception <a 'java/lang/NoSuchMethodError'{0x00000000c9b3a9f0}: 'java.lang.Object java.lang.invoke.DirectMethodHandle$Holder.invokeStatic(java.lang.Object, int, java.lang.Object, java.lang.Object)'> (0x00000000c9b3a9f0) 
thrown [s\open\src\hotspot\share\interpreter\linkResolver.cpp, line 759]
Event: 104.977 Thread 0x00000225e80c4ab0 Exception <a 'java/lang/NoSuchMethodError'{0x00000000c9b4b120}: 'java.lang.Object java.lang.invoke.DirectMethodHandle$Holder.invokeStatic(java.lang.Object, java.lang.Object, int, java.lang.Object, java.lang.Object)'> (0x00000000c9b4b120) 
thrown [s\open\src\hotspot\share\interpreter\linkResolver.cpp, line 759]
Event: 104.977 Thread 0x00000225e80ca0c0 Exception <a 'java/lang/NoSuchMethodError'{0x00000000c9beda78}: 'java.lang.Object java.lang.invoke.DirectMethodHandle$Holder.invokeStatic(java.lang.Object, java.lang.Object, int, java.lang.Object, java.lang.Object)'> (0x00000000c9beda78) 
thrown [s\open\src\hotspot\share\interpreter\linkResolver.cpp, line 759]
Event: 104.978 Thread 0x00000225cd8147b0 Exception <a 'java/lang/NoSuchMethodError'{0x00000000ba2ee360}: 'java.lang.Object java.lang.invoke.DirectMethodHandle$Holder.invokeStatic(java.lang.Object, java.lang.Object, int, java.lang.Object, java.lang.Object)'> (0x00000000ba2ee360) 
thrown [s\open\src\hotspot\share\interpreter\linkResolver.cpp, line 759]
Event: 104.978 Thread 0x00000225e80c54d0 Exception <a 'java/lang/NoSuchMethodError'{0x00000000c9b17d78}: 'java.lang.Object java.lang.invoke.DirectMethodHandle$Holder.invokeStatic(java.lang.Object, java.lang.Object, int, java.lang.Object, java.lang.Object)'> (0x00000000c9b17d78) 
thrown [s\open\src\hotspot\share\interpreter\linkResolver.cpp, line 759]
Event: 106.819 Thread 0x00000225cd8147b0 Exception <a 'java/lang/IncompatibleClassChangeError'{0x00000000c3e57ae0}: Found class java.lang.Object, but interface was expected> (0x00000000c3e57ae0) 
thrown [s\open\src\hotspot\share\interpreter\linkResolver.cpp, line 826]
Event: 106.824 Thread 0x00000225cd8147b0 Exception <a 'java/lang/IncompatibleClassChangeError'{0x00000000c3e5c9b8}: Found class java.lang.Object, but interface was expected> (0x00000000c3e5c9b8) 
thrown [s\open\src\hotspot\share\interpreter\linkResolver.cpp, line 826]
Event: 107.377 Thread 0x00000225cd8147b0 Exception <a 'java/lang/NoSuchMethodError'{0x00000000c2d26210}: 'void java.lang.invoke.DirectMethodHandle$Holder.invokeSpecial(java.lang.Object, java.lang.Object, int, java.lang.Object)'> (0x00000000c2d26210) 
thrown [s\open\src\hotspot\share\interpreter\linkResolver.cpp, line 759]
Event: 107.380 Thread 0x00000225e80ca0c0 Exception <a 'java/lang/NoSuchMethodError'{0x00000000c2e737f8}: 'void java.lang.invoke.DirectMethodHandle$Holder.invokeSpecial(java.lang.Object, java.lang.Object, int, java.lang.Object)'> (0x00000000c2e737f8) 
thrown [s\open\src\hotspot\share\interpreter\linkResolver.cpp, line 759]
Event: 107.943 Thread 0x00000225e80c9190 Exception <a 'java/lang/NoSuchMethodError'{0x00000000c28b57b8}: 'int java.lang.invoke.DirectMethodHandle$Holder.invokeSpecial(java.lang.Object, java.lang.Object, java.lang.Object, int, java.lang.Object)'> (0x00000000c28b57b8) 
thrown [s\open\src\hotspot\share\interpreter\linkResolver.cpp, line 759]
Event: 107.974 Thread 0x00000225e80c4ab0 Exception <a 'java/lang/NoSuchMethodError'{0x00000000c258c468}: 'int java.lang.invoke.DirectMethodHandle$Holder.invokeSpecial(java.lang.Object, java.lang.Object, java.lang.Object, int, java.lang.Object)'> (0x00000000c258c468) 
thrown [s\open\src\hotspot\share\interpreter\linkResolver.cpp, line 759]
Event: 107.976 Thread 0x00000225e80c54d0 Exception <a 'java/lang/NoSuchMethodError'{0x00000000c299b548}: 'int java.lang.invoke.DirectMethodHandle$Holder.invokeSpecial(java.lang.Object, java.lang.Object, java.lang.Object, int, java.lang.Object)'> (0x00000000c299b548) 
thrown [s\open\src\hotspot\share\interpreter\linkResolver.cpp, line 759]
Event: 108.720 Thread 0x00000225e80c54d0 Exception <a 'java/lang/NoSuchMethodError'{0x00000000c1451458}: 'int java.lang.invoke.DirectMethodHandle$Holder.invokeSpecial(java.lang.Object, java.lang.Object, java.lang.Object, java.lang.Object, java.lang.Object, java.lang.Object)'> (0x00000000c1451458) 
thrown [s\open\src\hotspot\share\interpreter\linkResolver.cpp, line 759]
Event: 110.144 Thread 0x00000225cd8147b0 Exception <a 'java/lang/IncompatibleClassChangeError'{0x00000000c9889078}: Found class java.lang.Object, but interface was expected> (0x00000000c9889078) 
thrown [s\open\src\hotspot\share\interpreter\linkResolver.cpp, line 826]
Event: 114.358 Thread 0x00000225e80c54d0 Exception <a 'java/lang/NoSuchMethodError'{0x00000000bcb57788}: 'int java.lang.invoke.DirectMethodHandle$Holder.invokeInterface(java.lang.Object, java.lang.Object, int)'> (0x00000000bcb57788) 
thrown [s\open\src\hotspot\share\interpreter\linkResolver.cpp, line 759]
Event: 117.306 Thread 0x00000225f18432b0 Exception <a 'java/lang/NoSuchMethodError'{0x00000000bdb13cc8}: static Lorg/jetbrains/kotlin/daemon/common/CompileService$CallResult$Error;.<clinit>()V> (0x00000000bdb13cc8) 
thrown [s\open\src\hotspot\share\prims\jni.cpp, line 1112]
Event: 117.875 Thread 0x00000225f283ec50 Implicit null exception at 0x00000225c0f7a620 to 0x00000225c0f81b00
Event: 117.876 Thread 0x00000225f283ec50 Implicit null exception at 0x00000225bfd571a0 to 0x00000225bfd579c8
Event: 119.353 Thread 0x00000225f283f160 Implicit null exception at 0x00000225c0b6ae77 to 0x00000225c0b6bd64

VM Operations (20 events):
Event: 117.316 Executing VM operation: Cleanup
Event: 117.424 Executing VM operation: Cleanup done
Event: 117.529 Executing VM operation: G1CollectForAllocation
Event: 117.547 Executing VM operation: G1CollectForAllocation done
Event: 117.793 Executing VM operation: HandshakeAllThreads
Event: 117.820 Executing VM operation: HandshakeAllThreads done
Event: 118.820 Executing VM operation: Cleanup
Event: 118.830 Executing VM operation: Cleanup done
Event: 118.862 Executing VM operation: G1CollectForAllocation
Event: 118.942 Executing VM operation: G1CollectForAllocation done
Event: 119.098 Executing VM operation: HandshakeAllThreads
Event: 119.257 Executing VM operation: HandshakeAllThreads done
Event: 119.350 Executing VM operation: HandshakeAllThreads
Event: 119.355 Executing VM operation: HandshakeAllThreads done
Event: 119.923 Executing VM operation: HandshakeAllThreads
Event: 119.972 Executing VM operation: HandshakeAllThreads done
Event: 119.972 Executing VM operation: Cleanup
Event: 119.999 Executing VM operation: Cleanup done
Event: 120.000 Executing VM operation: HandshakeAllThreads
Event: 120.005 Executing VM operation: HandshakeAllThreads done

Events (20 events):
Event: 120.057 Thread 0x00000225cd27c8e0 flushing nmethod 0x00000225c1a61c10
Event: 120.057 Thread 0x00000225cd27c8e0 flushing nmethod 0x00000225c1a62010
Event: 120.057 Thread 0x00000225cd27c8e0 flushing nmethod 0x00000225c1a62b10
Event: 120.057 Thread 0x00000225cd27c8e0 flushing nmethod 0x00000225c1a63390
Event: 120.057 Thread 0x00000225cd27c8e0 flushing nmethod 0x00000225c1b49f10
Event: 120.057 Thread 0x00000225cd27c8e0 flushing nmethod 0x00000225c1b5a610
Event: 120.058 Thread 0x00000225cd27c8e0 flushing nmethod 0x00000225c1b9c290
Event: 120.058 Thread 0x00000225cd27c8e0 flushing nmethod 0x00000225c1b9cf10
Event: 120.058 Thread 0x00000225cd27c8e0 flushing nmethod 0x00000225c1b9d390
Event: 120.058 Thread 0x00000225cd27c8e0 flushing nmethod 0x00000225c1bbf690
Event: 120.058 Thread 0x00000225cd27c8e0 flushing nmethod 0x00000225c1bc0890
Event: 120.058 Thread 0x00000225cd27c8e0 flushing nmethod 0x00000225c1bda710
Event: 120.058 Thread 0x00000225cd27c8e0 flushing nmethod 0x00000225c1c4c610
Event: 120.059 Thread 0x00000225cd27c8e0 flushing nmethod 0x00000225c1dca610
Event: 120.059 Thread 0x00000225cd27c8e0 flushing nmethod 0x00000225c1e0d610
Event: 120.060 Thread 0x00000225cd27c8e0 flushing nmethod 0x00000225c1e41f10
Event: 120.060 Thread 0x00000225cd27c8e0 flushing nmethod 0x00000225c1e67510
Event: 120.060 Thread 0x00000225cd27c8e0 flushing nmethod 0x00000225c1e94210
Event: 120.060 Thread 0x00000225cd27c8e0 flushing nmethod 0x00000225c1e96090
Event: 120.060 Thread 0x00000225cd27c8e0 flushing nmethod 0x00000225c1edf710


Dynamic libraries:
0x00007ff613ae0000 - 0x00007ff613af0000 	D:\java\jdk-17\bin\java.exe
0x00007ffe63190000 - 0x00007ffe63388000 	C:\Windows\SYSTEM32\ntdll.dll
0x00007ffe61c80000 - 0x00007ffe61d42000 	C:\Windows\System32\KERNEL32.DLL
0x00007ffe60d60000 - 0x00007ffe61056000 	C:\Windows\System32\KERNELBASE.dll
0x00007ffe60c10000 - 0x00007ffe60d10000 	C:\Windows\System32\ucrtbase.dll
0x00007ffe43fb0000 - 0x00007ffe43fcb000 	D:\java\jdk-17\bin\VCRUNTIME140.dll
0x00007ffe3ccb0000 - 0x00007ffe3ccc9000 	D:\java\jdk-17\bin\jli.dll
0x00007ffe61eb0000 - 0x00007ffe61f61000 	C:\Windows\System32\ADVAPI32.dll
0x00007ffe630b0000 - 0x00007ffe6314e000 	C:\Windows\System32\msvcrt.dll
0x00007ffe62640000 - 0x00007ffe626df000 	C:\Windows\System32\sechost.dll
0x00007ffe62520000 - 0x00007ffe62640000 	C:\Windows\System32\RPCRT4.dll
0x00007ffe60970000 - 0x00007ffe60997000 	C:\Windows\System32\bcrypt.dll
0x00007ffe62f00000 - 0x00007ffe630a1000 	C:\Windows\System32\USER32.dll
0x00007ffe51690000 - 0x00007ffe5192b000 	C:\Windows\WinSxS\amd64_microsoft.windows.common-controls_6595b64144ccf1df_6.0.19041.6456_none_60b8a6cb71f64256\COMCTL32.dll
0x00007ffe61060000 - 0x00007ffe61082000 	C:\Windows\System32\win32u.dll
0x00007ffe61d60000 - 0x00007ffe61d8b000 	C:\Windows\System32\GDI32.dll
0x00007ffe61090000 - 0x00007ffe611a9000 	C:\Windows\System32\gdi32full.dll
0x00007ffe608d0000 - 0x00007ffe6096d000 	C:\Windows\System32\msvcp_win.dll
0x00007ffe5ac30000 - 0x00007ffe5ac3a000 	C:\Windows\SYSTEM32\VERSION.dll
0x00007ffe61b80000 - 0x00007ffe61baf000 	C:\Windows\System32\IMM32.DLL
0x00007ffe43fa0000 - 0x00007ffe43fac000 	D:\java\jdk-17\bin\vcruntime140_1.dll
0x00007ffe3cbc0000 - 0x00007ffe3cc4e000 	D:\java\jdk-17\bin\msvcp140.dll
0x00007ffdd1d50000 - 0x00007ffdd2930000 	D:\java\jdk-17\bin\server\jvm.dll
0x00007ffe61280000 - 0x00007ffe61288000 	C:\Windows\System32\PSAPI.DLL
0x00007ffe3cc80000 - 0x00007ffe3cc89000 	C:\Windows\SYSTEM32\WSOCK32.dll
0x00007ffe51930000 - 0x00007ffe51957000 	C:\Windows\SYSTEM32\WINMM.dll
0x00007ffe624b0000 - 0x00007ffe6251b000 	C:\Windows\System32\WS2_32.dll
0x00007ffe5e5d0000 - 0x00007ffe5e5e2000 	C:\Windows\SYSTEM32\kernel.appcore.dll
0x00007ffe3cb20000 - 0x00007ffe3cb2a000 	D:\java\jdk-17\bin\jimage.dll
0x00007ffe522a0000 - 0x00007ffe524a1000 	C:\Windows\SYSTEM32\DBGHELP.DLL
0x00007ffe45580000 - 0x00007ffe455b4000 	C:\Windows\SYSTEM32\dbgcore.DLL
0x00007ffe60a20000 - 0x00007ffe60aa2000 	C:\Windows\System32\bcryptPrimitives.dll
0x00007ffe5c150000 - 0x00007ffe5c15e000 	D:\java\jdk-17\bin\instrument.dll
0x00007ffe36bc0000 - 0x00007ffe36be5000 	D:\java\jdk-17\bin\java.dll
0x00007ffdd1c70000 - 0x00007ffdd1d47000 	D:\java\jdk-17\bin\jsvml.dll
0x00007ffe62790000 - 0x00007ffe62f00000 	C:\Windows\System32\SHELL32.dll
0x00007ffe5e8b0000 - 0x00007ffe5f055000 	C:\Windows\SYSTEM32\windows.storage.dll
0x00007ffe620c0000 - 0x00007ffe62414000 	C:\Windows\System32\combase.dll
0x00007ffe60170000 - 0x00007ffe6019b000 	C:\Windows\SYSTEM32\Wldp.dll
0x00007ffe61bb0000 - 0x00007ffe61c7d000 	C:\Windows\System32\OLEAUT32.dll
0x00007ffe61310000 - 0x00007ffe613bd000 	C:\Windows\System32\SHCORE.dll
0x00007ffe61970000 - 0x00007ffe619cb000 	C:\Windows\System32\shlwapi.dll
0x00007ffe60750000 - 0x00007ffe60774000 	C:\Windows\SYSTEM32\profapi.dll
0x00007ffe36b80000 - 0x00007ffe36b98000 	D:\java\jdk-17\bin\zip.dll
0x00007ffe3cc90000 - 0x00007ffe3cca9000 	D:\java\jdk-17\bin\net.dll
0x00007ffe5a210000 - 0x00007ffe5a31a000 	C:\Windows\SYSTEM32\WINHTTP.dll
0x00007ffe5fed0000 - 0x00007ffe5ff3a000 	C:\Windows\system32\mswsock.dll
0x00007ffe36ba0000 - 0x00007ffe36bb6000 	D:\java\jdk-17\bin\nio.dll
0x00007ffe3cd50000 - 0x00007ffe3cd60000 	D:\java\jdk-17\bin\verify.dll
0x00007ffe4ec50000 - 0x00007ffe4ec77000 	C:\Users\PC\.gradle\native\c067742578af261105cb4f569cf0c3c89f3d7b1fecec35dd04571415982c5e48\windows-amd64\native-platform.dll
0x00007ffe36dc0000 - 0x00007ffe36f04000 	C:\Users\PC\.gradle\native\100fb08df4bc3b14c8652ba06237920a3bd2aa13389f12d3474272988ae205f9\windows-amd64\native-platform-file-events.dll
0x00007ffe3cd10000 - 0x00007ffe3cd1a000 	D:\java\jdk-17\bin\management.dll
0x00007ffe36b60000 - 0x00007ffe36b6b000 	D:\java\jdk-17\bin\management_ext.dll
0x00007ffe600c0000 - 0x00007ffe600d8000 	C:\Windows\SYSTEM32\CRYPTSP.dll
0x00007ffe5f7f0000 - 0x00007ffe5f828000 	C:\Windows\system32\rsaenh.dll
0x00007ffe60710000 - 0x00007ffe6073e000 	C:\Windows\SYSTEM32\USERENV.dll
0x00007ffe600e0000 - 0x00007ffe600ec000 	C:\Windows\SYSTEM32\CRYPTBASE.dll
0x00007ffe5fbb0000 - 0x00007ffe5fbeb000 	C:\Windows\SYSTEM32\IPHLPAPI.DLL
0x00007ffe611b0000 - 0x00007ffe611b8000 	C:\Windows\System32\NSI.dll
0x00007ffe5ae60000 - 0x00007ffe5ae77000 	C:\Windows\SYSTEM32\dhcpcsvc6.DLL
0x00007ffe5ad30000 - 0x00007ffe5ad4d000 	C:\Windows\SYSTEM32\dhcpcsvc.DLL
0x00007ffe5fbf0000 - 0x00007ffe5fcba000 	C:\Windows\SYSTEM32\DNSAPI.dll
0x00007ffe4ee50000 - 0x00007ffe4ee5e000 	D:\java\jdk-17\bin\sunmscapi.dll
0x00007ffe60ab0000 - 0x00007ffe60c0d000 	C:\Windows\System32\CRYPT32.dll
0x00007ffe601e0000 - 0x00007ffe60207000 	C:\Windows\SYSTEM32\ncrypt.dll
0x00007ffe601a0000 - 0x00007ffe601db000 	C:\Windows\SYSTEM32\NTASN1.dll
0x00007ffe50470000 - 0x00007ffe50477000 	C:\Windows\system32\wshunix.dll
0x00007ffe4ee60000 - 0x00007ffe4ee67000 	D:\java\jdk-17\bin\rmi.dll

dbghelp: loaded successfully - version: 4.0.5 - missing functions: none
symbol engine: initialized successfully - sym options: 0x614 - pdb path: .;D:\java\jdk-17\bin;C:\Windows\SYSTEM32;C:\Windows\WinSxS\amd64_microsoft.windows.common-controls_6595b64144ccf1df_6.0.19041.6456_none_60b8a6cb71f64256;D:\java\jdk-17\bin\server;C:\Users\PC\.gradle\native\c067742578af261105cb4f569cf0c3c89f3d7b1fecec35dd04571415982c5e48\windows-amd64;C:\Users\PC\.gradle\native\100fb08df4bc3b14c8652ba06237920a3bd2aa13389f12d3474272988ae205f9\windows-amd64

VM Arguments:
jvm_args: -XX:MaxMetaspaceSize=384m -XX:ReservedCodeCacheSize=128m -XX:+HeapDumpOnOutOfMemoryError --add-opens=java.base/java.util=ALL-UNNAMED --add-opens=java.base/java.lang=ALL-UNNAMED --add-opens=java.base/java.lang.invoke=ALL-UNNAMED --add-opens=java.prefs/java.util.prefs=ALL-UNNAMED --add-exports=jdk.compiler/com.sun.tools.javac.api=ALL-UNNAMED --add-exports=jdk.compiler/com.sun.tools.javac.util=ALL-UNNAMED --add-opens=java.base/java.nio.charset=ALL-UNNAMED --add-opens=java.base/java.net=ALL-UNNAMED --add-opens=java.base/java.util.concurrent.atomic=ALL-UNNAMED -Xmx1536m -Dfile.encoding=windows-1252 -Duser.country=IN -Duser.language=en -Duser.variant -javaagent:C:\Users\PC\.gradle\wrapper\dists\gradle-8.10.2-all\7iv73wktx1xtkvlq19urqw1wm\gradle-8.10.2\lib\agents\gradle-instrumentation-agent-8.10.2.jar 
java_command: org.gradle.launcher.daemon.bootstrap.GradleDaemon 8.10.2
java_class_path (initial): C:\Users\PC\.gradle\wrapper\dists\gradle-8.10.2-all\7iv73wktx1xtkvlq19urqw1wm\gradle-8.10.2\lib\gradle-daemon-main-8.10.2.jar
Launcher Type: SUN_STANDARD

[Global flags]
     intx CICompilerCount                          = 4                                         {product} {ergonomic}
   size_t CompressedClassSpaceSize                 = 335544320                                 {product} {ergonomic}
     uint ConcGCThreads                            = 2                                         {product} {ergonomic}
     uint G1ConcRefinementThreads                  = 8                                         {product} {ergonomic}
   size_t G1HeapRegionSize                         = 1048576                                   {product} {ergonomic}
    uintx GCDrainStackTargetSize                   = 64                                        {product} {ergonomic}
     bool HeapDumpOnOutOfMemoryError               = true                                   {manageable} {command line}
   size_t InitialHeapSize                          = 134217728                                 {product} {ergonomic}
   size_t MarkStackSize                            = 4194304                                   {product} {ergonomic}
   size_t MaxHeapSize                              = 1610612736                                {product} {command line}
   size_t MaxMetaspaceSize                         = 402653184                                 {product} {command line}
   size_t MaxNewSize                               = 965738496                                 {product} {ergonomic}
   size_t MinHeapDeltaBytes                        = 1048576                                   {product} {ergonomic}
   size_t MinHeapSize                              = 8388608                                   {product} {ergonomic}
    uintx NonProfiledCodeHeapSize                  = 0                                      {pd product} {ergonomic}
    uintx ProfiledCodeHeapSize                     = 0                                      {pd product} {ergonomic}
    uintx ReservedCodeCacheSize                    = 134217728                              {pd product} {command line}
   size_t SoftMaxHeapSize                          = 1610612736                             {manageable} {ergonomic}
     bool UseCompressedClassPointers               = true                           {product lp64_product} {ergonomic}
     bool UseCompressedOops                        = true                           {product lp64_product} {ergonomic}
     bool UseG1GC                                  = true                                      {product} {ergonomic}
     bool UseLargePagesIndividualAllocation        = false                                  {pd product} {ergonomic}

Logging:
Log output configuration:
 #0: stdout all=warning uptime,level,tags
 #1: stderr all=off uptime,level,tags

Environment Variables:
JAVA_HOME=D:\java\jdk-17
CLASSPATH=D:\bass_training_app\android\\gradle\wrapper\gradle-wrapper.jar
PATH=D:\java\jdk-17\bin;D:\flutter\bin\;C:\Program Files\Common Files\Oracle\Java\javapath;C:\Windows\system32;C:\Windows;C:\Windows\System32\Wbem;C:\Windows\System32\WindowsPowerShell\v1.0\;C:\Windows\System32\OpenSSH\;C:\xampp\php;D:\java\jdk-17\bin;D:\Program Files\;C:\Program Files\Git\cmd;C:\ProgramData\ComposerSetup\bin;C:\Users\PC\AppData\Local\Pub\Cache\bin;C:\Users\PC\AppData\Local\Microsoft\WindowsApps;C:\Users\PC\AppData\Local\Programs\Microsoft VS Code\bin;D:\flutter\bin;C:\Users\PC\AppData\Roaming\npm;C:\Users\PC\AppData\Roaming\Composer\vendor\bin;D:\flutter\bin\mingit\cmd
USERNAME=PC
LANG=en_US.UTF-8
OS=Windows_NT
PROCESSOR_IDENTIFIER=Intel64 Family 6 Model 94 Stepping 3, GenuineIntel



---------------  S Y S T E M  ---------------

OS:
 Windows 10 , 64 bit Build 19041 (10.0.19041.5915)
OS uptime: 0 days 1:25 hours

CPU: total 8 (initial active 8) (4 cores per cpu, 2 threads per core) family 6 model 94 stepping 3 microcode 0xd6, cx8, cmov, fxsr, ht, mmx, 3dnowpref, sse, sse2, sse3, ssse3, sse4.1, sse4.2, popcnt, lzcnt, tsc, tscinvbit, avx, avx2, aes, erms, clmul, bmi1, bmi2, rtm, adx, fma, vzeroupper, clflush, clflushopt

Memory: 4k page, system-wide physical 8108M (233M free)
TotalPageFile size 20920M (AvailPageFile size 84M)
current process WorkingSet (physical memory assigned to process): 593M, peak: 594M
current process commit charge ("private bytes"): 1148M, peak: 1150M

vm_info: Java HotSpot(TM) 64-Bit Server VM (17.0.12+8-LTS-286) for windows-amd64 JRE (17.0.12+8-LTS-286), built on Jun  5 2024 06:46:59 by "mach5one" with MS VC++ 17.6 (VS2022)

END.
